	BuisnessID	Price	Rating	NoOfReviews	City
0	imbiss-204-berlin-2	€	4.5	119.0	Berlin
1	stadtklause-berlin	€	4.5	82.0	Berlin
2	burgermeister-berlin	€	4.5	600.0	Berlin
3	yarok-berlin	€	4.5	132.0	Berlin
4	spätzle-club-berlin	€	4.5	38.0	Berlin
5	scheers-schnitzel-berlin	€	4.5	110.0	Berlin
6	al-andalos-berlin	€	4.5	87.0	Berlin
7	dan-thai-food-berlin	€	4.5	24.0	Berlin
8	mishba-berlin	€	4.5	23.0	Berlin
9	mabuhay-berlin	€	4.5	67.0	Berlin
10	boulevard-friedrichstrasse-berlin	€	4.5	37.0	Berlin
11	la-pausa-berlin	€	4.5	117.0	Berlin
12	dolores-berlin	€	4.0	467.0	Berlin
13	mustafas-gemüsedöner-berlin	€	4.0	703.0	Berlin
14	bergmann-curry-berlin	€	4.5	70.0	Berlin
15	machete-burrito-berlin-berlin-4	€	4.5	57.0	Berlin
16	thai-window-asia-berlin	€	4.5	52.0	Berlin
17	dada-falafel-berlin	€	4.0	239.0	Berlin
18	saigon-today-berlin	€	4.5	124.0	Berlin
19	thanh-koch-berlin-2	€	4.5	15.0	Berlin
20	tônis-berlin	€	4.5	69.0	Berlin
21	let-s-asia-berlin	€	4.5	21.0	Berlin
22	café-mori-berlin-3	€	5.0	26.0	Berlin
23	ali-baba-berlin-3	€	4.5	88.0	Berlin
24	dolores-berlin-3	€	4.0	157.0	Berlin
25	wau-wirtshaus-am-ufer-berlin	€	4.0	17.0	Berlin
26	rice-queen-berlin	€	4.5	86.0	Berlin
27	all-in-one-berlin	€	4.0	35.0	Berlin
28	thành-nho-berlin-2	€	5.0	29.0	Berlin
29	matreshka-berlin-2	€€	4.5	170.0	Berlin
30	akiko-sushi-berlin-2	€	4.0	184.0	Berlin
31	curry-mitte-berlin-2	€	4.0	68.0	Berlin
32	konak-grill-berlin-2	€	4.5	66.0	Berlin
33	sofra-grill-berlin	€	4.5	18.0	Berlin
34	marienburger-berlin	€	4.0	279.0	Berlin
35	hoan-kiem-berlin	€	4.5	54.0	Berlin
36	patta-finest-baked-potatoes-berlin	€	5.0	39.0	Berlin
37	oma-marnies-pie-bakery-berlin-3	€	4.5	27.0	Berlin
38	zweistrom-berlin	€	4.5	106.0	Berlin
39	miss-saigon-berlin-2	€	4.0	151.0	Berlin
40	pomodorino-berlin	€	4.5	85.0	Berlin
41	curry-61-berlin	€	4.0	88.0	Berlin
42	nil-berlin-2	€	4.0	144.0	Berlin
43	karun-bistro-berlin-2	€	4.5	94.0	Berlin
44	manngo-berlin	€	4.0	82.0	Berlin
45	güllü-lahmacun-berlin	€	4.5	48.0	Berlin
46	casablanca-imbiss-berlin	€	4.5	59.0	Berlin
47	sen-viet-berlin-2	€	4.0	47.0	Berlin
48	nachtigall-imbiss-berlin	€	4.5	33.0	Berlin
49	fatoush-berlin	€	4.5	28.0	Berlin
50	cocolo-ramen-berlin	€€	4.0	231.0	Berlin
51	bao-berlin	€€	4.5	152.0	Berlin
52	henne-berlin	€€	4.0	110.0	Berlin
53	elefant-berlin	€€	4.5	75.0	Berlin
54	rembrandt-burger-berlin	€€	4.5	166.0	Berlin
55	restaurant-bastard-berlin	€€	4.5	129.0	Berlin
56	chipps-berlin	€€	4.0	173.0	Berlin
57	the-bird-berlin	€€	4.0	626.0	Berlin
58	weingalerie-und-café-nö-berlin	€€	4.5	112.0	Berlin
59	ixthys-berlin	€€	4.5	139.0	Berlin
60	bbi-berlinburger-international-berlin	€€	4.5	327.0	Berlin
61	schwarzwaldstuben-berlin	€€	4.0	159.0	Berlin
62	schnitzelei-berlin	€€	4.5	253.0	Berlin
63	monsieur-vuong-berlin	€€	4.0	560.0	Berlin
64	cocoro-berlin-2	€€	4.0	66.0	Berlin
65	bellas-artes-berlin	€€	4.5	106.0	Berlin
66	dabangg-berlin	€€	4.5	70.0	Berlin
67	1900-café-berlin	€€	4.5	158.0	Berlin
68	neumond-berlin	€€	4.0	64.0	Berlin
69	brauereigaststätte-leibhaftig-berlin	€€	4.5	42.0	Berlin
70	yamyam-berlin	€€	4.0	237.0	Berlin
71	konditorei-rabien-berlin-2	€€	4.5	48.0	Berlin
72	joseph-roth-diele-berlin	€€	4.5	40.0	Berlin
73	dasomi-berlin	€€	4.5	46.0	Berlin
74	lieu-in-berlin-berlin	€€	4.0	39.0	Berlin
75	no-milk-today-berlin	€€	4.5	15.0	Berlin
76	maultaschen-manufaktur-berlin	€€	4.0	40.0	Berlin
77	gasthaus-alt-bayern-berlin	€€	5.0	6.0	Berlin
78	prince-berlin	€€	4.0	36.0	Berlin
79	habba-habba-berlin	€€	4.5	60.0	Berlin
80	schlögls-berlin	€€	4.0	41.0	Berlin
81	gasthaus-krombach-berlin	€€	4.0	49.0	Berlin
82	flamingo-fresh-food-bar-berlin-2	€€	4.5	60.0	Berlin
83	casa-lola-berlin	€€	5.0	5.0	Berlin
84	beakers-berlin	€€	4.5	191.0	Berlin
85	marjellchen-berlin	€€	4.5	64.0	Berlin
86	viet-bowl-berlin-2	€€	4.0	102.0	Berlin
87	max-and-moritz-berlin	€€	4.0	130.0	Berlin
88	marral-berlin	€€	4.5	54.0	Berlin
89	tiergartenquelle-berlin-2	€€	4.5	113.0	Berlin
90	saigon-and-more-berlin-2	€€	4.5	94.0	Berlin
91	schiller-burger-berlin-8	€€	4.0	112.0	Berlin
92	jolly-berlin	€€	4.5	52.0	Berlin
93	mundvoll-berlin	€€	4.5	45.0	Berlin
94	zur-haxe-berlin-2	€€	4.5	69.0	Berlin
95	restaurant-berlinchen-berlin	€€	4.5	25.0	Berlin
96	steakhouse-asador-berlin-3	€€	4.5	195.0	Berlin
97	berkis-berlin	€€	4.0	132.0	Berlin
98	el-borriquito-berlin-3	€€	4.0	157.0	Berlin
99	the-bowl-berlin	€€	4.0	84.0	Berlin
100	rotisserie-weingrün-berlin	€€€	4.5	73.0	Berlin
101	aigner-gendarmenmarkt-berlin-2	€€€	4.0	104.0	Berlin
102	volt-berlin	€€€	4.5	60.0	Berlin
103	brasserie-la-bonne-franquette-berlin-2	€€€	4.5	80.0	Berlin
104	yoshioka-berlin	€€€	4.5	27.0	Berlin
105	lokal-berlin-3	€€€	4.0	61.0	Berlin
106	rausch-schokoladenhaus-berlin-2	€€€	4.5	265.0	Berlin
107	mesa-berlin	€€€	4.0	56.0	Berlin
108	panoramapunkt-und-panoramacafé-berlin-2	€€€	4.5	84.0	Berlin
109	katz-orange-berlin	€€€	4.0	120.0	Berlin
110	sakura-i-berlin	€€€	4.0	28.0	Berlin
111	käfer-dach-garten-restaurant-berlin	€€€	4.0	99.0	Berlin
112	refugium-berlin-2	€€€	4.0	25.0	Berlin
113	cookies-cream-berlin-4	€€€	4.0	111.0	Berlin
114	osmanya-berlin	€€€	4.0	65.0	Berlin
115	l-escargot-berlin	€€€	4.5	67.0	Berlin
116	entrecôte-berlin-2	€€€	4.0	120.0	Berlin
117	einstein-berlin	€€€	4.0	137.0	Berlin
118	midtown-grill-berlin	€€€	4.0	128.0	Berlin
119	kopps-berlin	€€€	4.0	156.0	Berlin
120	restaurant-sphere-berlin	€€€	4.0	82.0	Berlin
121	ottenthal-berlin	€€€	4.5	86.0	Berlin
122	sorriso-berlin	€€€	4.0	29.0	Berlin
123	sachiko-sushi-berlin-2	€€€	4.5	70.0	Berlin
124	nansen-berlin	€€€	4.0	50.0	Berlin
125	la-raclette-berlin	€€€	4.0	79.0	Berlin
126	café-im-zeughaus-berlin	€€€	4.0	16.0	Berlin
127	frühsammers-restaurant-berlin-2	€€€	5.0	19.0	Berlin
128	altes-zollhaus-berlin	€€€	4.0	37.0	Berlin
129	le-buffet-berlin-2	€€€	3.5	56.0	Berlin
130	kushinoya-berlin	€€€	4.5	56.0	Berlin
131	café-einstein-berlin-6	€€€	4.0	169.0	Berlin
132	dudu31-berlin	€€€	4.0	27.0	Berlin
133	neni-berlin-berlin-2	€€€	4.0	70.0	Berlin
134	mao-thai-berlin	€€€	4.0	104.0	Berlin
135	cassambalis-berlin	€€€	4.0	41.0	Berlin
136	kimchi-princess-berlin	€€€	3.5	264.0	Berlin
137	restaurant-mark-brandenburg-berlin-3	€€€	4.0	24.0	Berlin
138	serrano-berlin	€€€	4.0	40.0	Berlin
139	papageno-berlin	€€€	4.5	19.0	Berlin
140	jungbluth-berlin-4	€€€	4.5	30.0	Berlin
141	hof-zwei-berlin-2	€€€	4.0	15.0	Berlin
142	grünfisch-berlin	€€€	4.5	51.0	Berlin
143	alt-luxemburg-berlin-2	€€€	4.5	39.0	Berlin
144	pizzeria-il-mulino-berlin-2	€€€	4.0	23.0	Berlin
145	dae-mon-berlin	€€€	4.0	26.0	Berlin
146	florian-berlin	€€€	4.0	44.0	Berlin
147	paris-moskau-berlin	€€€	4.0	80.0	Berlin
148	3-schwestern-berlin-2	€€€	4.0	66.0	Berlin
149	brasserie-am-gendarmenmarkt-berlin	€€€	4.0	62.0	Berlin
150	vox-restaurant-berlin-3	€€€€	4.5	96.0	Berlin
151	daitokai-berlin	€€€€	4.5	96.0	Berlin
152	tannenwälder-die-wurstbraterei-berlin-3	€€€€	5.0	6.0	Berlin
153	shiori-berlin	€€€€	5.0	5.0	Berlin
154	lorenz-adlon-esszimmer-berlin	€€€€	5.0	60.0	Berlin
155	herz-und-niere-berlin-3	€€€€	4.5	12.0	Berlin
156	reinstoff-berlin-2	€€€€	4.5	83.0	Berlin
157	hugos-berlin	€€€€	4.5	30.0	Berlin
158	nobelhart-und-schmutzig-berlin	€€€€	4.0	21.0	Berlin
159	skykitchen-berlin-2	€€€€	5.0	7.0	Berlin
160	bénéfice-café-berlin-2	€€€€	4.5	6.0	Berlin
161	relish-restaurant-und-bar-berlin	€€€€	4.0	9.0	Berlin
162	goldhorn-beefclub-berlin	€€€€	4.0	16.0	Berlin
163	salotto-berlin-2	€€€€	4.0	10.0	Berlin
164	zagreus-projekt-berlin	€€€€	5.0	6.0	Berlin
165	fischers-fritz-berlin	€€€€	4.5	96.0	Berlin
166	wilsons-berlin-2	€€€€	4.0	22.0	Berlin
167	hostaria-del-monte-croce-berlin	€€€€	4.0	41.0	Berlin
168	lochner-weinwirtschaft-berlin	€€€€	5.0	3.0	Berlin
169	the-brooklyn-berlin	€€€€	4.0	48.0	Berlin
170	kollos-inn-berlin	€€€€	5.0	4.0	Berlin
171	tizian-berlin-4	€€€€	4.0	9.0	Berlin
172	ristorante-san-giorgio-berlin-2	€€€€	4.5	11.0	Berlin
173	893-ryōtei-berlin	€€€€	3.5	11.0	Berlin
174	horváth-berlin-3	€€€€	3.5	66.0	Berlin
175	la-banca-berlin	€€€€	5.0	2.0	Berlin
176	osteria-maria-berlin	€€€€	4.0	42.0	Berlin
177	grill-royal-berlin	€€€€	3.5	230.0	Berlin
178	facil-berlin	€€€€	4.5	64.0	Berlin
179	roy-und-pris-berlin	€€€€	3.5	10.0	Berlin
180	mcdonalds-berlin-26	€€€€	3.5	20.0	Berlin
181	zenkichi-berlin	€€€€	4.0	14.0	Berlin
182	morsh-berlin-2	€€€€	5.0	4.0	Berlin
183	semiramis-berlin	€€€€	4.0	6.0	Berlin
184	eins44-berlin	€€€€	4.5	13.0	Berlin
185	café-mirell-berlin-2	€€€€	3.5	7.0	Berlin
186	lode-und-stijn-berlin	€€€€	4.0	6.0	Berlin
187	quarré-berlin	€€€€	4.0	14.0	Berlin
188	5-cinco-by-paco-pérez-berlin	€€€€	4.5	8.0	Berlin
189	warschau-berlin	€€€€	3.5	7.0	Berlin
190	china-club-berlin	€€€€	4.5	19.0	Berlin
191	rayo-de-sol-berlin-2	€€€€	4.5	2.0	Berlin
192	backroom-cantina-berlin	€€€€	4.5	8.0	Berlin
193	youre-welcome-berlin	€€€€	3.5	9.0	Berlin
194	zagros-grill-berlin	€€€€	4.0	2.0	Berlin
195	café-wimpernboutique-berlin	€€€€	4.5	2.0	Berlin
196	sushi-for-you-berlin-4	€€€€	3.0	19.0	Berlin
197	irmak-döner-berlin	€€€€	4.0	7.0	Berlin
198	öz-adana-ocakbaşı-holzkohlegrill-berlin	€€€€	3.0	7.0	Berlin
199	kleine-orangerie-niklewski-and-ziegler-berlin	€€€€	3.0	18.0	Berlin
200	l-as-du-fallafel-paris	€	4.0	1150.0	Paris
201	chez-le-libanais-paris	€	4.5	118.0	Paris
202	la-droguerie-du-marais-paris	€	4.5	79.0	Paris
203	chez-alain-miam-miam-paris	€	4.5	65.0	Paris
204	kozy-paris-5	€	4.5	140.0	Paris
205	banh-mi-paris	€	4.5	114.0	Paris
206	pizza-julia-paris	€	4.5	111.0	Paris
207	urfa-dürüm-paris-2	€	4.5	106.0	Paris
208	mich-sandwiches-paris	€	4.5	40.0	Paris
209	anticafé-paris-21	€	4.5	30.0	Paris
210	a-lacroix-paris	€	5.0	11.0	Paris
211	bulliz-paris	€	4.5	12.0	Paris
212	crêperie-saint-eustache-paris-2	€	4.5	21.0	Paris
213	au-rendez-vous-des-amis-paris-4	€	4.0	44.0	Paris
214	au-p-tit-grec-paris-2	€	4.0	150.0	Paris
215	nossa-paris	€	4.5	21.0	Paris
216	matamata-coffee-bar-paris-2	€	4.5	32.0	Paris
217	kraft-hot-dog-paris	€	4.5	17.0	Paris
218	l-abribus-café-paris-2	€	4.0	46.0	Paris
219	happy-nouilles-paris-2	€	4.0	99.0	Paris
220	w-for-wok-paris	€	4.0	55.0	Paris
221	raviolis-chinois-nord-est-paris	€	4.0	79.0	Paris
222	thieng-heng-paris	€	4.0	53.0	Paris
223	saigon-sandwich-paris	€	4.5	16.0	Paris
224	zen-zoo-paris-3	€	4.5	58.0	Paris
225	les-délices-du-fournil-paris-4	€	4.5	23.0	Paris
226	nicks-pizza-paris	€	4.0	21.0	Paris
227	anticafé-paris-23	€	4.0	43.0	Paris
228	chez-paula-paris	€	5.0	9.0	Paris
229	chez-kim-ly-paris	€	4.5	34.0	Paris
230	patati-patata-paris	€	4.0	45.0	Paris
231	le-smoke-paris	€	4.0	63.0	Paris
232	la-marelle-paris-2	€	4.5	8.0	Paris
233	le-super-coin-paris-2	€	4.5	41.0	Paris
234	kozy-paris-4	€	5.0	10.0	Paris
235	le-déjeuner-sur-l-herbe-paris-4	€	4.5	16.0	Paris
236	josse-philippe-paris-2	€	4.5	7.0	Paris
237	chez-mamane-paris-3	€	4.0	28.0	Paris
238	lao-chaleune-paris	€	4.5	25.0	Paris
239	crêperie-genia-paris-4	€	4.5	17.0	Paris
240	amami-paris	€	4.5	11.0	Paris
241	maison-privat-paris-2	€	4.5	20.0	Paris
242	le-rubis-paris-2	€	4.0	29.0	Paris
243	maoz-paris-2	€	4.5	26.0	Paris
244	de-clercq-les-rois-de-la-frite-paris-5	€	4.0	62.0	Paris
245	4-pat-paris-2	€	4.0	21.0	Paris
246	cream-paris-2	€	4.0	32.0	Paris
247	maoz-paris	€	4.0	58.0	Paris
248	strada-café-paris	€	4.5	38.0	Paris
249	le-casque-d-or-paris	€	4.5	9.0	Paris
250	le-potager-du-père-thierry-paris-2	€€	4.5	267.0	Paris
251	l-avant-comptoir-paris-3	€€	4.5	411.0	Paris
252	holybelly-paris	€€	4.5	266.0	Paris
253	le-temps-des-cerises-paris-5	€€	4.5	172.0	Paris
254	le-bistrot-des-augustins-paris	€€	4.5	71.0	Paris
255	sanukiya-paris	€€	4.5	185.0	Paris
256	la-cave-gourmande-paris-2	€€	4.5	106.0	Paris
257	le-volant-basque-paris	€€	4.5	134.0	Paris
258	le-petit-canard-paris	€€	4.5	96.0	Paris
259	le-petit-vendôme-paris-2	€€	4.0	103.0	Paris
260	chez-janou-paris	€€	4.0	364.0	Paris
261	bistrot-richelieu-paris	€€	4.5	62.0	Paris
262	inaro-paris	€€	4.5	73.0	Paris
263	sette-paris	€€	4.5	18.0	Paris
264	le-petit-cler-paris	€€	4.0	165.0	Paris
265	framboise-rondpoint-champselysées-paris	€€	4.5	136.0	Paris
266	crêperie-brocéliande-paris-2	€€	4.5	84.0	Paris
267	chez-gladines-paris-2	€€	4.0	162.0	Paris
268	au-pied-du-sacré-coeur-paris-2	€€	4.5	135.0	Paris
269	comptoir-de-la-gastronomie-paris-4	€€	4.5	338.0	Paris
270	little-breizh-paris	€€	4.5	144.0	Paris
271	galette-café-paris-4	€€	4.5	65.0	Paris
272	boulettes-paris	€€	4.5	36.0	Paris
273	breizh-café-paris-2	€€	4.0	290.0	Paris
274	creperie-le-crepuscule-paris-2	€€	4.5	34.0	Paris
275	pain-vin-fromages-paris	€€	4.5	167.0	Paris
276	le-pavillon-des-canaux-paris	€€	4.5	82.0	Paris
277	le-marquis-paris-6	€€	4.5	21.0	Paris
278	la-crêperie-de-josselin-paris	€€	4.0	337.0	Paris
279	chez-barbara-paris	€€	4.5	35.0	Paris
280	aki-boulanger-paris	€€	4.0	113.0	Paris
281	ippudo-paris-2	€€	4.0	45.0	Paris
282	mi-va-mi-paris	€€	4.0	105.0	Paris
283	crêperie-traditionnelle-paris-4	€€	4.5	43.0	Paris
284	carpe-diem-café-paris-2	€€	4.0	149.0	Paris
285	john-viande-paris	€€	4.5	66.0	Paris
286	pizzeria-babalou-paris	€€	4.5	120.0	Paris
287	au-dernier-métro-paris-2	€€	4.0	122.0	Paris
288	les-fils-à-maman-paris-4	€€	4.0	217.0	Paris
289	firmine-paris	€€	4.0	97.0	Paris
290	brasserie-printemps-paris-2	€€	4.0	43.0	Paris
291	l-angolo-paris-2	€€	4.5	31.0	Paris
292	soul-kitchen-paris	€€	4.5	100.0	Paris
293	les-p-tites-indécises-paris-5	€€	4.0	127.0	Paris
294	bespoke-paris	€€	4.5	83.0	Paris
295	l-arbre-de-sel-paris	€€	4.0	126.0	Paris
296	philippe-gosselin-paris	€€	4.5	25.0	Paris
297	baguetts-café-paris	€€	4.5	44.0	Paris
298	paris-new-york-paris-4	€€	4.0	49.0	Paris
299	la-belle-équipe-paris	€€	4.5	13.0	Paris
300	le-bistro-du-périgord-paris-3	€€€	4.5	258.0	Paris
301	le-soufflé-paris-2	€€€	4.0	148.0	Paris
302	la-cordonnerie-paris-5	€€€	5.0	52.0	Paris
303	le-chemise-paris	€€€	4.5	55.0	Paris
304	fraîche-paris-2	€€€	4.5	83.0	Paris
305	robert-et-louise-paris-2	€€€	4.0	233.0	Paris
306	les-cocottes-paris	€€€	4.0	389.0	Paris
307	monsieur-bleu-paris	€€€	4.5	84.0	Paris
308	au-petit-sud-ouest-paris	€€€	4.5	133.0	Paris
309	la-poule-au-pot-paris-2	€€€	4.0	90.0	Paris
310	café-constant-paris-2	€€€	4.0	246.0	Paris
311	pascade-paris	€€€	4.5	56.0	Paris
312	le-chenin-paris	€€€	4.5	37.0	Paris
313	l-aller-retour-paris	€€€	4.5	49.0	Paris
314	le-p-tit-troquet-paris	€€€	4.5	38.0	Paris
315	le-reminet-paris-3	€€€	4.5	98.0	Paris
316	la-jacobine-paris	€€€	4.5	159.0	Paris
317	claus-la-table-du-petit-déjeuner-paris	€€€	4.0	199.0	Paris
318	le-relais-de-l-entrecôte-paris-3	€€€	4.0	309.0	Paris
319	le-bistrot-d-henri-paris	€€€	4.5	87.0	Paris
320	sacrée-fleur-paris-2	€€€	4.5	64.0	Paris
321	le-comptoir-du-relais-paris	€€€	4.0	342.0	Paris
322	le-hide-paris-2	€€€	4.5	131.0	Paris
323	chez-fernand-paris	€€€	4.0	118.0	Paris
324	le-52-paris	€€€	4.5	40.0	Paris
325	le-sens-unique-paris-2	€€€	4.5	26.0	Paris
326	mokonuts-paris	€€	5.0	10.0	Paris
327	le-refuge-des-moines-paris	€€€	4.5	24.0	Paris
328	dersou-paris	€€€	4.5	27.0	Paris
329	le-relais-de-l-entrecôte-paris-4	€€€	4.0	243.0	Paris
330	yo-café-paris-2	€€€	4.5	52.0	Paris
331	chez-gabrielle-paris	€€€	4.5	51.0	Paris
332	afaria-paris	€€€	4.0	61.0	Paris
333	l-ardoise-paris-2	€€€	4.0	132.0	Paris
334	la-bulle-paris	€€€	4.0	43.0	Paris
335	salento-paris	€€€	4.5	39.0	Paris
336	reed-restaurant-paris	€€€	5.0	40.0	Paris
337	le-petit-pontoise-paris	€€€	4.5	95.0	Paris
338	la-rotonde-paris-3	€€€	4.0	125.0	Paris
339	la-régalade-paris-3	€€€	4.5	66.0	Paris
340	l-alivi-paris-2	€€€	4.0	112.0	Paris
341	la-cloche-d-or-paris	€€€	4.0	34.0	Paris
342	semilla-paris	€€€	4.0	55.0	Paris
343	chez-paul-paris	€€€	4.0	207.0	Paris
344	le-richer-paris-2	€€€	4.0	67.0	Paris
345	pramil-paris	€€€	4.5	78.0	Paris
346	neva-cuisine-paris	€€€	4.5	25.0	Paris
347	les-papilles-paris	€€€	4.5	190.0	Paris
348	le-tournebièvre-paris-2	€€€	4.5	29.0	Paris
349	le-fumoir-paris	€€€	4.0	281.0	Paris
350	frenchie-restaurant-paris	€€€€	4.5	150.0	Paris
351	le-jules-verne-paris	€€€€	4.0	305.0	Paris
352	alain-ducasse-au-plaza-athénée-paris-4	€€€€	4.5	65.0	Paris
353	l-atelier-rodier-paris	€€€€	5.0	22.0	Paris
354	le-cinq-paris	€€€€	4.5	86.0	Paris
355	la-maison-de-la-truffe-paris	€€€€	4.5	48.0	Paris
356	verjus-paris	€€€€	4.5	96.0	Paris
357	septime-paris-2	€€€€	4.5	95.0	Paris
358	d-chez-eux-paris	€€€€	4.5	31.0	Paris
359	lasserre-paris	€€€€	4.0	46.0	Paris
360	l-atelier-de-joël-robuchon-paris-3	€€€€	4.0	107.0	Paris
361	le-train-bleu-paris	€€€€	4.0	200.0	Paris
362	la-truffière-paris-3	€€€€	4.0	51.0	Paris
363	guilo-guilo-paris	€€€€	4.5	86.0	Paris
364	maison-rostang-paris	€€€€	4.5	33.0	Paris
365	le-petit-verdot-paris	€€€€	4.5	15.0	Paris
366	auberge-nicolas-flamel-paris	€€€€	4.0	82.0	Paris
367	le-grand-vefour-paris	€€€€	4.5	69.0	Paris
368	l-epicure-paris-2	€€€€	4.5	117.0	Paris
369	aïda-paris-4	€€€€	4.5	16.0	Paris
370	l-ambroisie-paris	€€€€	4.0	45.0	Paris
371	au-bistrot-de-la-montagne-paris-4	€€€€	5.0	6.0	Paris
372	l-arpège-paris-2	€€€€	4.0	151.0	Paris
373	le-tastemonde-paris	€€€€	4.0	29.0	Paris
374	passage-53-paris	€€€€	4.5	38.0	Paris
375	neige-d-eté-paris-2	€€€€	5.0	26.0	Paris
376	l-astrance-paris	€€€€	4.5	49.0	Paris
377	yoyo-paris	€€€€	5.0	2.0	Paris
378	sola-paris	€€€€	4.5	49.0	Paris
379	ida-paris	€€€€	4.5	18.0	Paris
380	itinéraires-paris-5	€€€€	4.0	33.0	Paris
381	tour-d-argent-paris	€€€€	4.0	118.0	Paris
382	miniatures-paris	€€€€	4.5	14.0	Paris
383	benoit-paris-6	€€€€	4.0	85.0	Paris
384	le-galopin-paris	€€€€	4.5	36.0	Paris
385	benkay-paris	€€€€	4.0	83.0	Paris
386	pages-paris	€€€€	4.5	8.0	Paris
387	ze-kitchen-galerie-paris	€€€€	4.0	174.0	Paris
388	l-avenue-paris-3	€€€€	3.5	126.0	Paris
389	mystery-cuisine-paris	€€€€	5.0	9.0	Paris
390	la-luna-paris-2	€€€€	4.0	25.0	Paris
391	le-bistro-méricourt-paris	€€€€	5.0	6.0	Paris
392	auguste-paris	€€€€	4.5	31.0	Paris
393	le-flamboire-paris	€€€€	3.5	10.0	Paris
394	le-grand-bistro-muette-paris-2	€€€€	3.5	21.0	Paris
395	bon-paris-6	€€€€	4.0	112.0	Paris
396	david-toutain-paris	€€€€	5.0	42.0	Paris
397	kushikatsu-bon-paris-2	€€€€	4.5	14.0	Paris
398	1728-paris	€€€€	4.0	61.0	Paris
399	orchid-thaï-paris-2	€€€€	3.5	8.0	Paris
400	sapori-e-delizie-roma-2	€	4.5	314.0	Rome
401	pane-e-vino-roma-3	€	5.0	78.0	Rome
402	pinsere-roma	€	4.5	125.0	Rome
403	pasta-chef-roma	€	4.5	26.0	Rome
404	pastasciutta-roma	€	4.5	63.0	Rome
405	pizza-zizza-roma	€	5.0	52.0	Rome
406	forno-campo-de-fiori-roma	€	4.5	116.0	Rome
407	da-simo-pane-e-vino-roma-2	€	4.5	74.0	Rome
408	trapizzino-testaccio-roma-2	€	4.5	56.0	Rome
409	frigidarium-roma	€	4.5	285.0	Rome
410	angrypig-birretta-e-porchetta-roma	€	4.5	64.0	Rome
411	mordi-e-vai-roma	€	5.0	23.0	Rome
412	o-famo-strano-roma	€	4.5	18.0	Rome
413	la-casa-del-tazza-d-oro-roma	€	4.5	190.0	Rome
414	sisini-la-casa-del-supplì-roma	€	4.5	39.0	Rome
415	perdincibacco-roma	€	4.5	23.0	Rome
416	santeustachio-il-caffè-roma-2	€	4.0	256.0	Rome
417	duecento-gradi-roma-2	€	4.5	77.0	Rome
418	trapizzino-ponte-milvio-roma	€	4.5	22.0	Rome
419	pizzeria-del-secolo-roma-2	€	4.0	35.0	Rome
420	likeat-roma-3	€	4.5	33.0	Rome
421	pizzeria-florida-roma	€	4.5	33.0	Rome
422	fatamorgana-roma-3	€	4.5	82.0	Rome
423	la-boccaccia-roma	€	4.5	21.0	Rome
424	mizzica-roma	€	4.0	62.0	Rome
425	er-buchetto-roma	€	4.0	33.0	Rome
426	homebaked-roma	€	4.5	16.0	Rome
427	forno-da-milvio-roma	€	4.0	29.0	Rome
428	zizzi-pizza-roma	€	4.5	30.0	Rome
429	la-boccaccia-roma-2	€	4.5	11.0	Rome
430	tacos-e-beer-roma	€	4.5	12.0	Rome
431	pronto-roma	€	4.5	12.0	Rome
432	mondo-arancina-roma	€	4.0	49.0	Rome
433	taverna-pretoriana-roma	€	4.0	21.0	Rome
434	est-artigiani-del-gusto-roma	€	4.5	19.0	Rome
435	olive-dolci-roma	€	4.5	17.0	Rome
436	100-montaditos-roma-2	€	4.0	38.0	Rome
437	un-angolo-di-sicilia-roma-2	€	4.5	11.0	Rome
438	il-padellaccio-2-roma	€	4.5	5.0	Rome
439	ali-babà-kebab-roma-2	€	4.0	36.0	Rome
440	trieste-roma	€	5.0	13.0	Rome
441	mini-pizza-roma-3	€	5.0	2.0	Rome
442	asian-delight-chinese-roma	€	4.0	24.0	Rome
443	ilios-roma	€	4.5	14.0	Rome
444	fries-roma-2	€	4.5	9.0	Rome
445	sfizi-di-pizza-roma	€	4.5	7.0	Rome
446	re-di-roma-pizza-casa-del-supplì-roma	€	4.0	25.0	Rome
447	iphame-roma	€	5.0	13.0	Rome
448	farmers-roma-roma-2	€	4.5	11.0	Rome
449	la-piazzetta-roma-4	€	4.5	7.0	Rome
450	bonci-roma-2	€€	4.5	316.0	Rome
451	la-prosciutteria-trevi-roma-2	€€	4.5	226.0	Rome
452	ai-tre-scalini-roma	€€	4.5	226.0	Rome
453	mamma-angelas-trattoria-roma	€€	4.0	211.0	Rome
454	la-botticella-roma	€€	4.5	141.0	Rome
455	da-francesco-roma	€€	4.0	377.0	Rome
456	life-roma	€€	4.0	153.0	Rome
457	hostaria-romana-roma	€€	4.0	105.0	Rome
458	thats-amore-roma-2	€€	4.0	237.0	Rome
459	trattoria-da-alfredo-e-ada-roma	€€	4.5	53.0	Rome
460	al-forno-della-soffitta-roma-2	€€	4.5	108.0	Rome
461	la-prosciutteria-trastevere-roma	€€	4.5	56.0	Rome
462	la-tavernetta-48-roma	€€	4.5	75.0	Rome
463	la-vecchia-locanda-roma	€€	4.5	74.0	Rome
464	alessio-roma	€€	4.0	223.0	Rome
465	su-e-giu-cucina-romana-roma	€€	5.0	34.0	Rome
466	da-enzo-al-29-roma-2	€€	4.5	132.0	Rome
467	le-tavernelle-roma	€€	4.5	33.0	Rome
468	da-vito-e-dina-roma	€€	4.5	117.0	Rome
469	i-buoni-amici-roma	€€	4.5	48.0	Rome
470	ebar-roma	€€	5.0	18.0	Rome
471	osteria-da-fortunata-roma	€€	4.0	191.0	Rome
472	pane-e-salame-roma-2	€€	5.0	29.0	Rome
473	la-fontana-di-venere-roma-2	€€	4.5	64.0	Rome
474	grano-frutta-e-farina-roma	€€	4.5	46.0	Rome
475	dar-poeta-roma	€€	4.0	243.0	Rome
476	cantina-cantarini-roma	€€	4.5	45.0	Rome
477	filetti-di-baccalà-roma	€€	4.5	54.0	Rome
478	piccolo-buco-roma	€€	4.5	41.0	Rome
479	la-taverna-dei-fori-imperiali-roma	€€	4.0	88.0	Rome
480	antico-caffè-greco-roma-4	€€	4.0	95.0	Rome
481	trattoria-vecchia-roma-roma	€€	4.0	141.0	Rome
482	la-tavernaccia-roma	€€	4.5	26.0	Rome
483	i-vicini-bistrot-roma-2	€€	5.0	13.0	Rome
484	cacio-e-pepe-roma	€€	4.5	95.0	Rome
485	la-taqueria-roma-2	€€	4.0	25.0	Rome
486	cantina-e-cucina-roma	€€	4.5	86.0	Rome
487	sette-oche-roma-2	€€	4.0	82.0	Rome
488	trattoria-vineria-l-idillio-roma	€€	5.0	16.0	Rome
489	berzitello-roma	€€	4.0	66.0	Rome
490	il-peperoncino-dispettoso-roma	€€	4.5	19.0	Rome
491	roscioli-roma-4	€€	4.0	163.0	Rome
492	himalayas-kashmir-roma-2	€€	4.5	51.0	Rome
493	sciuè-sciuè-roma	€€	4.5	40.0	Rome
494	il-corallo-roma	€€	4.5	68.0	Rome
495	grazia-e-graziella-roma-2	€€	4.0	111.0	Rome
496	scholars-roma	€€	4.0	55.0	Rome
497	pizzeria-san-marco-roma-2	€€	4.0	66.0	Rome
498	piccolo-arancio-roma-2	€€	4.0	93.0	Rome
499	osteria-pesce-fritto-e-baccalà-roma	€€	4.5	26.0	Rome
500	osteria-barberini-roma	€€€	4.5	120.0	Rome
501	club-machiavelli-roma	€€€	5.0	16.0	Rome
502	osteria-quarantaquattro-roma	€€€	4.5	143.0	Rome
503	mò-mò-roma-3	€€€	4.5	4.0	Rome
504	sofia-roma	€€€	4.5	92.0	Rome
505	colline-emiliane-roma	€€€	4.5	60.0	Rome
506	arlù-roma	€€€	4.5	32.0	Rome
507	arancia-blu-roma	€€€	4.5	25.0	Rome
508	trattoria-da-cesare-roma	€€€	4.0	32.0	Rome
509	osteria-22quattro-roma	€€€	5.0	11.0	Rome
510	antica-boheme-roma	€€€	4.5	16.0	Rome
511	cantina-lucifero-roma-2	€€€	5.0	9.0	Rome
512	piperno-roma	€€€	4.5	22.0	Rome
513	baccano-roma-2	€€€	4.0	75.0	Rome
514	armando-al-pantheon-roma-2	€€€	4.0	62.0	Rome
515	laganà-roma	€€€	4.5	21.0	Rome
516	casa-bleve-roma-2	€€€	4.5	27.0	Rome
517	ambasciata-d-abruzzo-roma-2	€€€	4.0	21.0	Rome
518	mavi-roma-2	€€€	4.0	21.0	Rome
519	renato-e-luisa-roma	€€€	4.0	16.0	Rome
520	enoteca-ferrara-roma	€€€	4.5	34.0	Rome
521	matermatuta-roma	€€€	4.5	13.0	Rome
522	felice-a-testaccio-roma	€€€	4.0	104.0	Rome
523	la-cabana-roma	€€€	4.5	16.0	Rome
524	vivi-bistrot-roma	€€€	4.0	22.0	Rome
525	la-locanda-dei-pugliesi-roma	€€€	4.5	8.0	Rome
526	le-caveau-roma	€€€	4.5	12.0	Rome
527	osteria-pistoia-roma	€€€	4.5	12.0	Rome
528	scuderie-del-colle-roma	€€€	5.0	4.0	Rome
529	trattoria-da-neno-roma	€€€	4.5	7.0	Rome
530	eleonora-d-arborea-roma	€€€	4.5	25.0	Rome
531	santandrea-roma-2	€€€	4.5	23.0	Rome
532	said-roma	€€€	4.0	51.0	Rome
533	meridionale-roma	€€€	4.5	17.0	Rome
534	culinaria-roma	€€€	5.0	6.0	Rome
535	34-roma	€€€	4.0	46.0	Rome
536	the-fisherman-burger-roma-2	€€€	4.0	9.0	Rome
537	bacco-in-trastevere-roma	€€€	4.5	11.0	Rome
538	inroma-roma-2	€€€	4.0	14.0	Rome
539	moma-roma-2	€€€	4.5	23.0	Rome
540	tucci-roma	€€€	4.0	28.0	Rome
541	temakinho-roma-2	€€€	4.0	28.0	Rome
542	mr-chow-roma-3	€€€	4.5	24.0	Rome
543	trattoria-cecio-roma	€€€	4.0	15.0	Rome
544	flavio-al-velavevodetto-roma	€€€	4.0	80.0	Rome
545	enoteca-verso-sera-roma	€€€	4.5	8.0	Rome
546	osteria-del-pegno-roma	€€€	4.5	17.0	Rome
547	al-ristoro-degli-angeli-roma	€€€	4.0	9.0	Rome
548	il-piccolo-mondo-roma-3	€€€	4.0	22.0	Rome
549	da-dino-e-toni-roma	€€€	4.5	44.0	Rome
550	la-pergola-roma	€€€€	4.5	42.0	Rome
551	misticanza-roma	€€€€	4.5	14.0	Rome
552	gina-roma-2	€€€€	4.0	7.0	Rome
553	antico-arco-roma	€€€€	4.5	28.0	Rome
554	metamorfosi-roma	€€€€	4.0	20.0	Rome
555	il-vineto-roma	€€€€	4.5	15.0	Rome
556	taverna-angelica-roma	€€€	4.5	15.0	Rome
557	il-tempio-di-iside-roma	€€€€	4.5	7.0	Rome
558	tullio-roma	€€€€	4.0	33.0	Rome
559	aroma-roma	€€€€	4.0	22.0	Rome
560	benito-al-ghetto-roma	€€€€	4.5	9.0	Rome
561	zen-sushi-roma-2	€€€€	4.0	30.0	Rome
562	somo-roma	€€€€	4.0	13.0	Rome
563	taverna-sacchetti-roma	€€€€	4.5	19.0	Rome
564	brunello-roma	€€€€	5.0	4.0	Rome
565	al-moro-roma	€€€€	4.0	18.0	Rome
566	imàgo-roma-6	€€€€	4.5	17.0	Rome
567	santa-cristina-al-quirinale-roma	€€€€	4.5	8.0	Rome
568	bistrot-64-roma-2	€€€€	4.5	8.0	Rome
569	osteria-da-francesco-roma	€€€€	5.0	6.0	Rome
570	charlys-sauciere-roma	€€€€	4.5	3.0	Rome
571	ottavio-roma	€€€€	4.0	9.0	Rome
572	la-terrazza-delleden-roma-2	€€€€	5.0	12.0	Rome
573	trattoria-sul-tetto-roma	€€€€	5.0	4.0	Rome
574	ginza-roma	€€€€	3.5	16.0	Rome
575	chez-cocò-roma-2	€€€€	4.0	4.0	Rome
576	pagaroma-roma	€€€€	4.5	10.0	Rome
577	exquisitaly-roma	€€€€	4.0	6.0	Rome
578	la-penna-d-oca-roma	€€€€	4.0	10.0	Rome
579	due-ladroni-roma	€€€€	4.5	11.0	Rome
580	la-crostaceria-roma	€€€€	4.5	6.0	Rome
581	pierluigi-roma-2	€€€€	3.5	46.0	Rome
582	il-pagliaccio-roma	€€€€	4.0	11.0	Rome
583	taverna-lucifero-roma	€€€€	4.5	18.0	Rome
584	ai-piani-roma	€€€€	4.5	9.0	Rome
585	casa-e-bottega-roma-2	€€€€	4.0	10.0	Rome
586	grotte-del-teatro-di-pompeo-roma	€€€€	4.5	12.0	Rome
587	l-uliveto-roma	€€€€	4.5	4.0	Rome
588	palazzo-manfredi-roma	€€€€	4.0	7.0	Rome
589	osteria-corte-del-grillo-roma	€€€€	5.0	3.0	Rome
590	quinzi-e-gabrieli-roma	€€€€	4.0	11.0	Rome
591	the-library-bistrot-roma	€€€€	4.5	22.0	Rome
592	s-a-tanca-roma	€€€€	4.0	3.0	Rome
593	café-romano-roma-3	€€€€	4.5	4.0	Rome
594	maestrale-roma	€€€€	5.0	7.0	Rome
595	camponeschi-roma	€€€€	4.0	9.0	Rome
596	stazione-di-posta-roma	€€€€	3.5	6.0	Rome
597	gallura-roma	€€€€	4.5	7.0	Rome
598	capo-boi-roma	€€€€	4.5	6.0	Rome
599	nino-roma	€€€€	3.5	19.0	Rome
600	el-sur-madrid	€	4.5	122.0	Madrid
601	takos-al-pastor-madrid	€	4.5	143.0	Madrid
602	melos-madrid-2	€	4.5	70.0	Madrid
603	goiko-grill-madrid	€	4.5	68.0	Madrid
604	malaspina-madrid	€	4.0	134.0	Madrid
605	toma-café-madrid-2	€	4.5	145.0	Madrid
606	la-descubierta-madrid	€	4.5	35.0	Madrid
607	matilda-madrid-4	€	4.5	29.0	Madrid
608	café-de-la-luz-madrid-2	€	4.5	99.0	Madrid
609	tinto-y-tapas-madrid	€	4.5	23.0	Madrid
610	la-infinito-madrid-2	€	4.5	73.0	Madrid
611	macera-madrid	€	4.5	26.0	Madrid
612	el-tigre-madrid	€	3.5	327.0	Madrid
613	puerto-rico-madrid	€	4.0	25.0	Madrid
614	la-venencia-madrid	€	4.5	43.0	Madrid
615	monkee-koffee-madrid	€	4.5	29.0	Madrid
616	bodegas-ricla-madrid	€	4.5	23.0	Madrid
617	san-wich-madrid	€	4.5	44.0	Madrid
618	casa-labra-madrid	€	4.0	82.0	Madrid
619	la-musa-madrid	€	4.0	64.0	Madrid
620	el-azul-madrid	€	4.0	60.0	Madrid
621	la-gringa-madrid	€	4.5	50.0	Madrid
622	circo-de-las-tapas-madrid-2	€	4.0	31.0	Madrid
623	casa-paco-madrid-3	€	4.5	48.0	Madrid
624	museo-del-jamón-madrid-6	€	4.0	164.0	Madrid
625	el-capricho-extremeño-madrid-3	€	4.5	28.0	Madrid
626	revuelta-madrid-3	€	4.5	18.0	Madrid
627	egeo-suvlakeria-griega-madrid-2	€	4.0	11.0	Madrid
628	munchies-hot-dog-madrid	€	5.0	12.0	Madrid
629	zhou-yulong-madrid-2	€	4.0	72.0	Madrid
630	olivia-te-cuida-madrid	€	4.5	23.0	Madrid
631	la-pizzateca-madrid-3	€	5.0	24.0	Madrid
632	tierra-madrid-16	€	4.5	16.0	Madrid
633	la-manduca-madrid	€	5.0	11.0	Madrid
634	tierra-madrid-14	€	4.0	50.0	Madrid
635	la-campana-madrid-2	€	4.0	47.0	Madrid
636	la-pequeña-graná-madrid-2	€	4.5	31.0	Madrid
637	df-bar-madrid-2	€	4.0	38.0	Madrid
638	celicioso-madrid	€	4.5	86.0	Madrid
639	benteveo-madrid	€	4.5	22.0	Madrid
640	tuk-tuk-madrid	€	4.0	55.0	Madrid
641	fonty-madrid-2	€	4.0	34.0	Madrid
642	txapela-madrid	€	4.0	17.0	Madrid
643	the-little-big-café-madrid	€	4.5	56.0	Madrid
644	ni-hao-madrid	€	4.0	71.0	Madrid
645	entre-cáceres-y-badajoz-madrid	€	4.0	33.0	Madrid
646	martinacocina-madrid	€	4.5	30.0	Madrid
647	ondiñas-do-mendo-madrid-2	€	4.0	17.0	Madrid
648	shapla-madrid-4	€	4.0	57.0	Madrid
649	bolero-meatballs-madrid	€	4.0	47.0	Madrid
650	alhambra-madrid-3	€€	4.0	197.0	Madrid
651	lakasa-madrid-2	€€	5.0	31.0	Madrid
652	la-gastrocroquetería-de-chema-madrid-5	€€	4.5	50.0	Madrid
653	juana-la-loca-madrid-2	€€	4.0	77.0	Madrid
654	la-tragantúa-madrid-2	€€	4.5	76.0	Madrid
655	carmencita-madrid	€€	4.5	109.0	Madrid
656	viva-burger-madrid	€€	4.5	13.0	Madrid
657	gastromaquia-madrid	€€	4.5	71.0	Madrid
658	casa-lucas-madrid	€€	4.5	92.0	Madrid
659	the-mad-café-madrid-2	€€	4.5	53.0	Madrid
660	federal-madrid-2	€€	4.0	107.0	Madrid
661	le-patrón-madrid-2	€€	4.5	53.0	Madrid
662	emma-cocina-madrid	€€	4.5	31.0	Madrid
663	inclan-brutal-bar-madrid-2	€€	4.5	35.0	Madrid
664	o-pazo-de-lugo-madrid	€€	4.5	36.0	Madrid
665	yokaloka-madrid	€€	4.5	84.0	Madrid
666	pizzaiolo-madrid	€€	4.5	71.0	Madrid
667	las-tortillas-de-gabino-madrid	€€	4.5	14.0	Madrid
668	goiko-grill-madrid-4	€€	4.5	46.0	Madrid
669	celso-y-manolo-madrid	€€	4.5	50.0	Madrid
670	casa-federica-madrid	€€	4.5	75.0	Madrid
671	the-toast-madrid	€€	4.0	46.0	Madrid
672	bacoa-madrid-3	€€	4.5	50.0	Madrid
673	casa-benigna-madrid	€€	4.5	26.0	Madrid
674	cañadío-madrid-3	€€	5.0	15.0	Madrid
675	hanan-madrid	€€	4.5	51.0	Madrid
676	casa-mingo-madrid	€€	4.0	106.0	Madrid
677	taberna-rayuela-madrid	€€	4.5	19.0	Madrid
678	el-cogollo-madrid	€€	4.5	19.0	Madrid
679	txirimiri-madrid-2	€€	4.0	34.0	Madrid
680	camoatí-madrid-2	€€	4.5	14.0	Madrid
681	ristorante-il-pastaio-madrid	€€	4.5	20.0	Madrid
682	la-gabinoteca-madrid	€€	4.0	52.0	Madrid
683	la-casa-de-los-minutejos-madrid	€€	4.0	10.0	Madrid
684	el-mini-madrid	€€	4.5	16.0	Madrid
685	más-al-sur-madrid	€€	4.5	35.0	Madrid
686	tandoori-station-madrid-2	€€	4.5	59.0	Madrid
687	maiia-thai-madrid	€€	4.0	12.0	Madrid
688	la-platería-madrid-2	€€	4.0	40.0	Madrid
689	taberna-almería-madrid-2	€€	4.5	17.0	Madrid
690	la-casa-del-abuelo-madrid-3	€€	4.0	88.0	Madrid
691	garcía-de-la-navarra-madrid	€€	4.5	10.0	Madrid
692	mastropiero-madrid	€€	4.5	22.0	Madrid
693	la-perejila-madrid	€€	4.5	23.0	Madrid
694	lateral-madrid	€€	4.0	57.0	Madrid
695	ojalá-madrid-4	€€	4.0	95.0	Madrid
696	paperboy-madrid	€€	5.0	4.0	Madrid
697	kitchen-154-madrid	€€	4.5	9.0	Madrid
698	la-h-es-muda-madrid	€€	4.5	35.0	Madrid
699	la-mayor-madrid	€€	4.5	23.0	Madrid
700	street-xo-madrid-2	€€€	4.5	45.0	Madrid
701	botín-madrid-3	€€€	4.0	273.0	Madrid
702	ten-con-ten-madrid	€€€	4.5	75.0	Madrid
703	el-asador-de-aranda-madrid-2	€€€	4.5	18.0	Madrid
704	casa-patas-madrid-2	€€€	4.5	57.0	Madrid
705	la-mi-venta-madrid	€€€	4.5	40.0	Madrid
706	triciclo-madrid	€€€	4.5	48.0	Madrid
707	el-landó-madrid-2	€€€	4.5	11.0	Madrid
708	villa-rosa-madrid-3	€€€	4.5	17.0	Madrid
709	izakaya-han-madrid	€€€	4.5	25.0	Madrid
710	bocacalle-madrid-2	€€€	5.0	5.0	Madrid
711	don-giovanni-madrid	€€€	4.5	12.0	Madrid
712	la-tasqueria-de-javi-estévez-madrid	€€€	5.0	8.0	Madrid
713	los-girasoles-madrid-2	€€€	4.5	8.0	Madrid
714	vinoteca-moratín-madrid-2	€€€	5.0	22.0	Madrid
715	álbora-madrid	€€€	4.5	16.0	Madrid
716	la-castela-madrid	€€€	4.5	18.0	Madrid
717	casa-lucio-madrid	€€€	4.0	40.0	Madrid
718	miyama-madrid	€€€	4.5	22.0	Madrid
719	trattoria-pulcinella-madrid	€€€	4.5	25.0	Madrid
720	poncelet-cheese-bar-madrid-2	€€€	4.0	29.0	Madrid
721	mallorca-madrid-6	€€€	4.0	21.0	Madrid
722	punk-bach-madrid	€€€	3.5	6.0	Madrid
723	la-vecchia-milano-madrid	€€€	4.5	4.0	Madrid
724	sushita-café-madrid-3	€€€	4.5	7.0	Madrid
725	amayra-madrid	€€€	4.5	8.0	Madrid
726	posada-de-la-villa-madrid	€€€	4.5	16.0	Madrid
727	las-tablas-madrid-5	€€€	4.0	17.0	Madrid
728	malacatín-madrid-2	€€€	4.0	13.0	Madrid
729	la-chusquery-madrid-2	€€€	4.0	10.0	Madrid
730	lúa-madrid-2	€€€	4.5	13.0	Madrid
731	perrachica-madrid-2	€€€	3.5	26.0	Madrid
732	mesón-txistu-madrid-2	€€€	4.0	11.0	Madrid
733	ribeira-do-miño-madrid-2	€€€	4.0	29.0	Madrid
734	ornella-madrid	€€€	4.0	9.0	Madrid
735	de-maría-madrid-5	€€€	4.0	11.0	Madrid
736	la-gran-pulpería-madrid-2	€€€	4.0	13.0	Madrid
737	la-entretenida-madrid	€€€	4.5	6.0	Madrid
738	horno-de-juan-madrid	€€€	5.0	6.0	Madrid
739	casa-paco-madrid-4	€€€	4.0	19.0	Madrid
740	samm-madrid	€€€	4.0	13.0	Madrid
741	tiradito-y-piscobar-madrid	€€€	4.0	7.0	Madrid
742	la-manduca-de-azagra-madrid	€€€	4.5	17.0	Madrid
743	atlantik-corner-madrid	€€€	4.5	4.0	Madrid
744	la-torre-del-oro-madrid	€€€	3.5	13.0	Madrid
745	19-sushi-bar-madrid-4	€€€	4.5	13.0	Madrid
746	el-paraguas-madrid	€€€	4.5	30.0	Madrid
747	korgui-madrid	€€€	4.5	9.0	Madrid
748	buns-y-bones-madrid-2	€€€	4.0	15.0	Madrid
749	umiko-madrid-2	€€€	5.0	4.0	Madrid
750	diverxo-madrid	€€€€	4.5	39.0	Madrid
751	viridiana-madrid	€€€€	4.5	20.0	Madrid
752	punto-mx-madrid	€€€€	4.5	23.0	Madrid
753	asia-gallery-madrid-2	€€€€	4.0	44.0	Madrid
754	el-club-allard-madrid	€€€€	4.5	18.0	Madrid
755	el-barril-de-las-letras-madrid-3	€€€€	4.0	21.0	Madrid
756	kabuki-madrid	€€€€	4.5	16.0	Madrid
757	la-terraza-del-casino-madrid	€€€€	4.5	24.0	Madrid
758	de-maría-madrid-8	€€€€	4.0	16.0	Madrid
759	the-table-madrid	€€€€	4.0	4.0	Madrid
760	sacha-madrid-2	€€€€	5.0	10.0	Madrid
761	dstage-madrid	€€€€	5.0	11.0	Madrid
762	la-candela-madrid-3	€€€€	4.5	5.0	Madrid
763	soy-kitchen-madrid	€€€€	4.0	9.0	Madrid
764	tatel-madrid	€€€€	4.5	14.0	Madrid
765	la-tasquita-de-enfrente-madrid	€€€€	3.0	11.0	Madrid
766	la-capillla-de-la-bolsa-madrid	€€€€	4.0	11.0	Madrid
767	sergi-arola-gastro-madrid	€€€€	5.0	9.0	Madrid
768	restaurante-amazonico-madrid	€€€€	5.0	5.0	Madrid
769	alabaster-madrid	€€€€	4.0	7.0	Madrid
770	o-pazo-madrid	€€€€	4.5	7.0	Madrid
771	el-cabañón-madrid-2	€€€€	3.5	7.0	Madrid
772	la-favorita-madrid-2	€€€€	4.0	5.0	Madrid
773	bibo-madrid-madrid	€€€€	3.5	10.0	Madrid
774	concha-madrid	€€€€	4.5	4.0	Madrid
775	la-paloma-madrid-9	€€€€	4.5	6.0	Madrid
776	paradís-madrid-2	€€€€	4.0	9.0	Madrid
777	la-fiambrera-madrid	€€€€	4.5	3.0	Madrid
778	el-viejo-león-madrid-2	€€€€	4.0	5.0	Madrid
779	café-saigón-madrid-3	€€€€	3.5	24.0	Madrid
780	portobello-madrid-2	€€€€	4.5	5.0	Madrid
781	combarro-madrid	€€€€	4.0	5.0	Madrid
782	sake-madrid	€€€€	4.0	6.0	Madrid
783	burger-king-madrid-21	€€€€	4.5	6.0	Madrid
784	ramón-freixa-madrid-madrid	€€€€	4.5	6.0	Madrid
785	filandón-madrid	€€€€	4.5	18.0	Madrid
786	la-cocina-de-maria-luisa-madrid	€€€€	4.5	3.0	Madrid
787	soy-madrid-2	€€€€	4.0	5.0	Madrid
788	acuarela-madrid-2	€€€€	3.5	13.0	Madrid
789	ikura-madrid-3	€€€€	4.0	6.0	Madrid
790	tse-yang-madrid	€€€€	4.0	3.0	Madrid
791	casa-juan-madrid	€€€€	4.0	13.0	Madrid
792	santceloni-madrid	€€€€	4.5	7.0	Madrid
793	marisquería-tres-encinas-madrid	€€€€	3.5	9.0	Madrid
794	café-del-greco-madrid	€€€€	4.5	2.0	Madrid
795	la-arroceria-de-maria-madrid	€€€€	4.5	4.0	Madrid
796	sinfonía-rossini-madrid	€€€€	5.0	3.0	Madrid
797	gerardo-madrid	€€€€	4.0	7.0	Madrid
798	bistronomika-madrid	€€€€	3.5	3.0	Madrid
799	st-james-madrid-5	€€€€	3.0	8.0	Madrid
800	broodje-bert-amsterdam	€	4.5	113.0	Amsterdam
801	ton-van-joep-amsterdam	€	5.0	37.0	Amsterdam
802	the-happy-pig-amsterdam-7	€	4.5	59.0	Amsterdam
803	leeman-döner-amsterdam-2	€	4.5	43.0	Amsterdam
804	croissanterie-friends-amsterdam	€	4.5	34.0	Amsterdam
805	maoz-amsterdam-6	€	4.0	45.0	Amsterdam
806	frens-haringhandel-amsterdam	€	4.5	22.0	Amsterdam
807	van-dobben-amsterdam	€	4.0	31.0	Amsterdam
808	sir-hummus-amsterdam	€	4.5	35.0	Amsterdam
809	bakhuys-amsterdam	€	4.5	31.0	Amsterdam
810	trust-food-art-en-joy-amsterdam-2	€	4.5	12.0	Amsterdam
811	sugo-amsterdam-2	€	4.5	11.0	Amsterdam
812	onigiri-ya-amsterdam-3	€	5.0	11.0	Amsterdam
813	wok-to-walk-amsterdam	€	4.0	49.0	Amsterdam
814	filter-amsterdam	€	4.5	29.0	Amsterdam
815	soup-en-zo-amsterdam	€	4.5	37.0	Amsterdam
816	vlaamse-frites-amsterdam	€	4.5	7.0	Amsterdam
817	chipsy-king-amsterdam	€	4.0	20.0	Amsterdam
818	teddys-corner-amsterdam-2	€	4.5	15.0	Amsterdam
819	kok-kita-amsterdam	€	4.5	15.0	Amsterdam
820	nieuw-albina-amsterdam	€	4.5	7.0	Amsterdam
821	febo-amsterdam-16	€	4.0	15.0	Amsterdam
822	hutspot-amsterdam-2	€	4.5	13.0	Amsterdam
823	cora-amsterdam-2	€	4.5	16.0	Amsterdam
824	mangiancora-amsterdam	€	4.5	11.0	Amsterdam
825	struik-amsterdam-3	€	4.5	22.0	Amsterdam
826	le-mortier-amsterdam-2	€	4.5	8.0	Amsterdam
827	corner-bakery-amsterdam-2	€	4.0	21.0	Amsterdam
828	cc-muziekcafé-amsterdam-3	€	4.5	16.0	Amsterdam
829	coffee-bru-amsterdam	€	4.5	35.0	Amsterdam
830	frederique-amsterdam	€	4.0	13.0	Amsterdam
831	caffe-italiano-al-ponte-amsterdam	€	5.0	6.0	Amsterdam
832	grillroom-ben-cohen-amsterdam	€	4.0	10.0	Amsterdam
833	café-de-engelbewaarder-amsterdam-2	€	4.0	24.0	Amsterdam
834	frites-uit-zuyd-amsterdam-2	€	4.0	15.0	Amsterdam
835	crepes-en-waffles-amsterdam	€	4.0	16.0	Amsterdam
836	donnies-amsterdam	€	5.0	5.0	Amsterdam
837	boer-geert-amsterdam-2	€	4.5	4.0	Amsterdam
838	lalla-rookh-amsterdam	€	4.5	17.0	Amsterdam
839	il-sogno-amsterdam-4	€	4.5	14.0	Amsterdam
840	sinbad-amsterdam	€	4.5	4.0	Amsterdam
841	maoz-amsterdam-7	€	4.0	29.0	Amsterdam
842	tjins-exotische-broodjes-amsterdam	€	4.5	5.0	Amsterdam
843	café-t-hooischip-amsterdam-2	€	4.0	11.0	Amsterdam
844	think-soup-amsterdam	€	5.0	6.0	Amsterdam
845	asmara-eetkunst-amsterdam	€	4.5	12.0	Amsterdam
846	sonny-amsterdam	€	4.0	18.0	Amsterdam
847	frietboutique-amsterdam	€	4.0	9.0	Amsterdam
848	eetcafe-de-jordaan-amsterdam	€	4.5	7.0	Amsterdam
849	seoul-food-amsterdam	€	4.5	5.0	Amsterdam
850	the-pantry-amsterdam	€€	4.5	166.0	Amsterdam
851	gartine-amsterdam	€€	4.5	142.0	Amsterdam
852	café-de-klos-amsterdam-2	€€	4.5	245.0	Amsterdam
853	cannibale-royale-amsterdam-2	€€	4.5	58.0	Amsterdam
854	winkel-43-amsterdam-2	€€	4.5	339.0	Amsterdam
855	hummus-bistro-d-en-a-amsterdam-3	€€	5.0	96.0	Amsterdam
856	de-foodhallen-amsterdam	€€	4.0	193.0	Amsterdam
857	burger-bar-amsterdam	€€	4.5	102.0	Amsterdam
858	de-vier-pilaren-amsterdam	€€	4.0	63.0	Amsterdam
859	the-pancake-bakery-amsterdam	€€	4.0	303.0	Amsterdam
860	bakers-en-roasters-amsterdam	€€	4.5	263.0	Amsterdam
861	kartika-amsterdam	€€	4.5	122.0	Amsterdam
862	omelegg-amsterdam-6	€€	4.5	184.0	Amsterdam
863	ramen-ya-amsterdam	€€	4.0	117.0	Amsterdam
864	la-perla-amsterdam-3	€€	4.5	160.0	Amsterdam
865	cannibale-royale-amsterdam	€€	4.0	93.0	Amsterdam
866	the-lobby-nesplein-amsterdam	€€	4.5	71.0	Amsterdam
867	jacketz-oud-west-amsterdam	€€	4.5	45.0	Amsterdam
868	foodism-amsterdam	€€	4.5	59.0	Amsterdam
869	lombardos-amsterdam	€€	4.5	66.0	Amsterdam
870	omelegg-amsterdam-5	€€	4.5	97.0	Amsterdam
871	café-bern-amsterdam-2	€€	4.5	81.0	Amsterdam
872	pompa-amsterdam	€€	4.0	61.0	Amsterdam
873	pannenkoekenhuis-upstairs-amsterdam	€€	4.5	102.0	Amsterdam
874	moeders-amsterdam	€€	4.5	170.0	Amsterdam
875	the-butcher-amsterdam	€€	4.0	117.0	Amsterdam
876	pancakes-amsterdam-amsterdam	€€	4.0	197.0	Amsterdam
877	wurst-en-schnitzelhaus-amsterdam	€€	4.5	83.0	Amsterdam
878	tales-en-spirits-amsterdam	€€	4.5	94.0	Amsterdam
879	cut-throat-amsterdam-3	€€	4.5	42.0	Amsterdam
880	bocas-amsterdam-2	€€	4.5	81.0	Amsterdam
881	café-loetje-amsterdam-2	€€	4.0	121.0	Amsterdam
882	warung-spang-makandra-amsterdam	€€	4.0	89.0	Amsterdam
883	taj-amsterdam-2	€€	4.5	50.0	Amsterdam
884	harlem-soul-food-amsterdam	€€	4.0	51.0	Amsterdam
885	de-reiger-amsterdam-2	€€	4.5	69.0	Amsterdam
886	koh-i-noor-amsterdam	€€	4.5	105.0	Amsterdam
887	nyonya-amsterdam	€€	4.5	41.0	Amsterdam
888	greenwoods-singel-amsterdam	€€	4.5	108.0	Amsterdam
889	tomaz-amsterdam	€€	4.5	66.0	Amsterdam
890	café-brecht-amsterdam-3	€€	4.5	53.0	Amsterdam
891	de-biertuin-amsterdam	€€	4.5	53.0	Amsterdam
892	bird-thais-restaurant-amsterdam-2	€€	4.0	137.0	Amsterdam
893	japanese-pancake-world-amsterdam	€€	4.5	45.0	Amsterdam
894	gollems-proeflokaal-amsterdam	€€	4.5	44.0	Amsterdam
895	waries-thai-food-amsterdam	€€	4.5	33.0	Amsterdam
896	bar-spek-amsterdam	€€	4.0	63.0	Amsterdam
897	rakang-amsterdam	€€	4.0	31.0	Amsterdam
898	madewithlove-amsterdam	€€	4.5	27.0	Amsterdam
899	terra-zen-centre-amsterdam	€€	4.5	44.0	Amsterdam
900	van-kerkwijk-amsterdam-2	€€€	4.5	135.0	Amsterdam
901	mystique-amsterdam	€€€	4.5	84.0	Amsterdam
902	seafood-bar-spui-amsterdam	€€€	4.5	51.0	Amsterdam
903	blauw-amsterdam-2	€€€	4.5	132.0	Amsterdam
904	max-amsterdam-amsterdam	€€€	4.5	30.0	Amsterdam
905	diverto-amsterdam	€€€	4.5	17.0	Amsterdam
906	vlaming-amsterdam	€€€	4.5	26.0	Amsterdam
907	restaurant-spelt-amsterdam	€€€	4.5	16.0	Amsterdam
908	van-speyk-amsterdam	€€€	4.0	41.0	Amsterdam
909	cau-carne-argentina-unica-amsterdam	€€€	4.0	86.0	Amsterdam
910	daalder-amsterdam-2	€€€	4.5	55.0	Amsterdam
911	de-silveren-spiegel-amsterdam	€€€	4.5	23.0	Amsterdam
912	mossel-en-gin-amsterdam	€€€	4.5	42.0	Amsterdam
913	café-panache-amsterdam	€€€	4.0	17.0	Amsterdam
914	ali-ocakbasi-amsterdam-amsterdam	€€€	4.0	19.0	Amsterdam
915	calle-ocho-amsterdam	€€€	4.5	9.0	Amsterdam
916	krua-thai-classics-amsterdam-2	€€€	5.0	12.0	Amsterdam
917	envy-amsterdam	€€€	4.0	71.0	Amsterdam
918	balthazars-keuken-amsterdam	€€€	4.5	34.0	Amsterdam
919	castell-amsterdam	€€€	4.0	59.0	Amsterdam
920	jansz-amsterdam	€€€	4.5	9.0	Amsterdam
921	norling-amsterdam-2	€€€	4.5	17.0	Amsterdam
922	mamouche-amsterdam	€€€	4.5	23.0	Amsterdam
923	brasserie-sent-amsterdam-2	€€€	4.0	11.0	Amsterdam
924	brasserie-vlaming-amsterdam	€€€	4.5	17.0	Amsterdam
925	lucius-amsterdam	€€€	4.5	24.0	Amsterdam
926	mappa-amsterdam	€€€	4.0	19.0	Amsterdam
927	carter-bar-en-kitchen-amsterdam	€€€	4.5	10.0	Amsterdam
928	red-amsterdam	€€€	4.5	45.0	Amsterdam
929	worst-amsterdam	€€€	4.5	27.0	Amsterdam
930	japans-restaurant-an-amsterdam	€€€	5.0	8.0	Amsterdam
931	restaurant-zazas-amsterdam	€€€	4.5	32.0	Amsterdam
932	caffè-toscanini-amsterdam-2	€€€	4.5	30.0	Amsterdam
933	restaurant-dwars-amsterdam	€€€	4.5	15.0	Amsterdam
934	renatos-pizzeria-amsterdam-2	€€€	4.0	15.0	Amsterdam
935	hakata-senpachi-amsterdam-2	€€€	4.5	18.0	Amsterdam
936	surya-amsterdam-2	€€€	4.5	14.0	Amsterdam
937	de-waaghals-amsterdam	€€€	4.0	21.0	Amsterdam
938	miu-amsterdam	€€€	4.0	23.0	Amsterdam
939	venus-en-adonis-amsterdam	€€€	4.0	17.0	Amsterdam
940	la-oliva-amsterdam	€€€	4.0	67.0	Amsterdam
941	studio-pistache-amsterdam	€€€	5.0	9.0	Amsterdam
942	pinsas-amsterdam-2	€€€	4.5	8.0	Amsterdam
943	casa-peru-amsterdam	€€€	4.0	19.0	Amsterdam
944	bickers-aan-de-werf-amsterdam	€€€	4.5	7.0	Amsterdam
945	pressroom-amsterdam-amsterdam	€€€	4.0	15.0	Amsterdam
946	d-vijff-vlieghen-amsterdam-2	€€€	4.0	41.0	Amsterdam
947	bark-amsterdam	€€€	4.0	14.0	Amsterdam
948	riva-amsterdam	€€€	4.0	19.0	Amsterdam
949	elkaar-amsterdam	€€€	4.5	14.0	Amsterdam
950	gebr-hartering-amsterdam	€€€€	4.5	39.0	Amsterdam
951	the-french-connection-amsterdam	€€€€	5.0	15.0	Amsterdam
952	blauw-aan-de-wal-amsterdam	€€€€	5.0	21.0	Amsterdam
953	amstel-hotel-amsterdam	€€€€	4.5	25.0	Amsterdam
954	rijks-amsterdam-3	€€€€	4.5	32.0	Amsterdam
955	de-kas-amsterdam	€€€€	4.5	98.0	Amsterdam
956	luitenant-cornelis-amsterdam	€€€€	5.0	11.0	Amsterdam
957	bordeau-amsterdam	€€€€	4.5	16.0	Amsterdam
958	robertos-restaurant-amsterdam	€€€€	4.5	15.0	Amsterdam
959	bridges-amsterdam	€€€€	4.0	34.0	Amsterdam
960	blue-pepper-amsterdam	€€€€	4.0	22.0	Amsterdam
961	restaurant-as-amsterdam	€€€€	4.5	20.0	Amsterdam
962	restaurant-vinkeles-amsterdam-2	€€€€	5.0	18.0	Amsterdam
963	yamazato-amsterdam	€€€€	4.0	46.0	Amsterdam
964	incanto-amsterdam	€€€€	4.5	27.0	Amsterdam
965	cantinetta-wine-en-pasta-amsterdam	€€€€	4.5	17.0	Amsterdam
966	en-samhoud-places-amsterdam-4	€€€€	4.0	23.0	Amsterdam
967	mr-porter-amsterdam	€€€€	4.5	12.0	Amsterdam
968	kaagman-en-kortekaas-amsterdam	€€€€	4.5	9.0	Amsterdam
969	librijes-zusje-amsterdam-amsterdam-3	€€€€	5.0	11.0	Amsterdam
970	restaurant-vermeer-amsterdam	€€€€	4.5	9.0	Amsterdam
971	bussia-amsterdam	€€€€	4.5	33.0	Amsterdam
972	l-invité-le-restaurant-amsterdam	€€€€	4.0	14.0	Amsterdam
973	t-ankertje-amsterdam	€€€€	4.5	2.0	Amsterdam
974	bluespoon-amsterdam-2	€€€€	4.0	13.0	Amsterdam
975	the-red-sun-amsterdam	€€€€	4.0	20.0	Amsterdam
976	anna-amsterdam-2	€€€€	4.0	27.0	Amsterdam
977	sapporo-amsterdam	€€€€	4.0	9.0	Amsterdam
978	ciel-bleu-amsterdam	€€€€	4.5	30.0	Amsterdam
979	restaurant-breda-amsterdam	€€€€	4.5	15.0	Amsterdam
980	bolenius-amsterdam	€€€€	4.0	21.0	Amsterdam
981	notting-hill-hotel-amsterdam	€€€€	4.0	11.0	Amsterdam
982	sazanka-amsterdam	€€€€	4.5	15.0	Amsterdam
983	ron-gastrobar-amsterdam-2	€€€€	4.0	54.0	Amsterdam
984	henk-amsterdam	€€€€	4.0	8.0	Amsterdam
985	le-restaurant-amsterdam	€€€€	4.5	12.0	Amsterdam
986	woo-bros-amsterdam	€€€€	4.0	12.0	Amsterdam
987	trattoria-di-donna-sofia-la-amsterdam	€€€€	4.0	9.0	Amsterdam
988	lastage-amsterdam	€€€€	4.5	14.0	Amsterdam
989	p-c-hooftstraat-amsterdam	€€€€	4.0	6.0	Amsterdam
990	kaiko-amsterdam	€€€€	4.5	11.0	Amsterdam
991	midtown-grill-amsterdam-2	€€€€	4.5	17.0	Amsterdam
992	chez-georges-amsterdam	€€€€	4.0	9.0	Amsterdam
993	magazzino-amsterdam	€€€€	3.5	11.0	Amsterdam
994	fifteen-amsterdam	€€€€	3.0	29.0	Amsterdam
995	restaurant-de-utrechtsedwarstafel-amsterdam	€€€€	4.5	9.0	Amsterdam
996	mimi-latteria-milanese-amsterdam	€€€€	4.5	8.0	Amsterdam
997	el-rancho-steakhouse-no-title	€€€	3.5	8.0	Amsterdam
998	restaurant-vijaya-amsterdam-2	€€€€	3.5	7.0	Amsterdam
999	johannes-amsterdam-2	€€€€	4.0	13.0	Amsterdam
1000	strömmingsvagnen-stockholm	$	4.5	83.0	Stockholm
1001	vigårda-stockholm	$	4.0	114.0	Stockholm
1002	frankys-kitchen-stockholm	$	4.5	34.0	Stockholm
1003	maxos-stockholm	$	4.5	31.0	Stockholm
1004	pascal-stockholm	$	4.5	82.0	Stockholm
1005	kalf-och-hansen-stockholm	$	4.5	43.0	Stockholm
1006	matgatan-22-stockholm-2	$	5.0	5.0	Stockholm
1007	go-choo-stockholm	$	4.5	32.0	Stockholm
1008	bulleboden-stockholm	$	4.5	20.0	Stockholm
1009	johan-och-nyström-konceptbutik-stockholm	$	4.5	89.0	Stockholm
1010	günters-korvar-stockholm	$	4.5	34.0	Stockholm
1011	la-neta-stockholm	$	4.0	149.0	Stockholm
1012	hermitage-stockholm	$	4.0	56.0	Stockholm
1013	vete-katten-stockholm	$	4.0	103.0	Stockholm
1014	panda-stockholm	$	4.0	19.0	Stockholm
1015	bees-thai-food-stockholm-2	$	4.0	31.0	Stockholm
1016	il-caffè-stockholm-8	$	4.5	29.0	Stockholm
1017	östermalms-korvspecialist-stockholm	$	4.5	20.0	Stockholm
1018	pom-och-flora-stockholm	$	4.5	33.0	Stockholm
1019	bun-meat-bun-stockholm-2	$	4.0	25.0	Stockholm
1020	uffe-och-lottas-stockholm	$	4.0	8.0	Stockholm
1021	matsu-stockholm	$	4.5	37.0	Stockholm
1022	caffetteria-del-corso-stockholm	$	4.5	13.0	Stockholm
1023	58-dim-sum-stockholm	$	4.0	26.0	Stockholm
1024	love-food-cafe-stockholm	$	4.0	18.0	Stockholm
1025	babel-deli-stockholm-3	$	4.5	34.0	Stockholm
1026	food-matters-stockholm	$	4.0	7.0	Stockholm
1027	reggev-hummus-stockholm	$	4.5	52.0	Stockholm
1028	chutney-bar-and-matsal-stockholm	$	4.0	58.0	Stockholm
1029	lilla-caféet-på-söder-stockholm	$	4.5	30.0	Stockholm
1030	teatern-stockholm	$	4.0	19.0	Stockholm
1031	feca-stockholm	$	4.0	20.0	Stockholm
1032	nobelmuseet-stockholm	$	4.0	38.0	Stockholm
1033	max-stockholm-4	$	3.5	36.0	Stockholm
1034	freds-food-truck-stockholm	$	4.5	8.0	Stockholm
1035	esa-sushibar-stockholm	$	4.0	48.0	Stockholm
1036	kungliga-biblioteket-stockholm	$	4.5	6.0	Stockholm
1037	viking-bar-stockholm-2	$	4.0	10.0	Stockholm
1038	falafelbaren-stockholm	$	4.0	43.0	Stockholm
1039	noels-stockholm	$	4.5	5.0	Stockholm
1040	eggs-inc-stockholm	$	4.0	16.0	Stockholm
1041	sushibaren-stockholm	$	4.0	8.0	Stockholm
1042	sundbergs-konditori-stockholm	$	4.0	20.0	Stockholm
1043	sawadee-fastfood-stockholm	$	4.0	9.0	Stockholm
1044	nada-bar-stockholm	$	4.0	17.0	Stockholm
1045	jerusalem-kebab-stockholm	$	4.0	12.0	Stockholm
1046	sushi-bar-sone-stockholm	$	4.5	8.0	Stockholm
1047	café-60-stockholm	$	3.5	51.0	Stockholm
1048	organico-stockholm-2	$	4.5	6.0	Stockholm
1049	café-giffi-stockholm	$	3.5	13.0	Stockholm
1050	the-hairy-pig-deli-stockholm	$$	5.0	81.0	Stockholm
1051	bakfickan-stockholm-2	$$	4.5	133.0	Stockholm
1052	meatballs-for-the-people-stockholm	$$	4.0	134.0	Stockholm
1053	knut-stockholm	$$	4.5	37.0	Stockholm
1054	café-stiernan-stockholm	$$	4.5	51.0	Stockholm
1055	slingerbulten-stockholm	$$	4.0	26.0	Stockholm
1056	akkurat-stockholm	$$	4.0	65.0	Stockholm
1057	nya-blå-dörren-stockholm	$$	4.0	76.0	Stockholm
1058	omnipollos-hatt-stockholm	$$	4.5	65.0	Stockholm
1059	tokyo-diner-stockholm	$$	4.0	29.0	Stockholm
1060	fotografiska-stockholm	$$	4.5	159.0	Stockholm
1061	urban-deli-stockholm-4	$$	4.0	47.0	Stockholm
1062	luzette-stockholm	$$	4.0	44.0	Stockholm
1063	nybrogatan-38-stockholm	$$	4.0	72.0	Stockholm
1064	gro-stockholm	$$	4.5	34.0	Stockholm
1065	k25-stockholm	$$	4.0	52.0	Stockholm
1066	pelikan-stockholm	$$	4.0	105.0	Stockholm
1067	corvina-enoteca-stockholm	$$	4.5	31.0	Stockholm
1068	barrels-burgers-och-beer-stockholm	$$	4.0	77.0	Stockholm
1069	pharmarium-stockholm	$$	4.0	75.0	Stockholm
1070	restaurang-mosaik-stockholm	$$	3.0	8.0	Stockholm
1071	giro-stockholm	$$	4.5	26.0	Stockholm
1072	hermans-stockholm	$$	4.0	150.0	Stockholm
1073	harvest-home-stockholm	$$	4.5	20.0	Stockholm
1074	styrelsen-stockholm	$$	4.5	9.0	Stockholm
1075	tranan-stockholm	$$	4.0	62.0	Stockholm
1076	broms-stockholm	$$	4.0	63.0	Stockholm
1077	19-glas-bar-and-matsal-stockholm	$$	4.5	20.0	Stockholm
1078	österlånggatan-17-stockholm	$$	4.0	22.0	Stockholm
1079	rosendals-trädgård-stockholm	$$	4.5	53.0	Stockholm
1080	schweizerkonditoriet-stockholm	$$	4.5	17.0	Stockholm
1081	story-hotel-stockholm	$$	4.0	40.0	Stockholm
1082	thai-house-wok-stockholm-6	$$	4.0	8.0	Stockholm
1083	strandbryggan-stockholm	$$	4.0	26.0	Stockholm
1084	urban-deli-stockholm	$$	4.0	85.0	Stockholm
1085	underbar-stockholm	$$	4.0	31.0	Stockholm
1086	speceriet-stockholm	$$	4.5	32.0	Stockholm
1087	bistro-pastis-stockholm-3	$$	4.0	35.0	Stockholm
1088	blå-porten-stockholm	$$	3.5	31.0	Stockholm
1089	soldaten-svejk-stockholm	$$	4.0	48.0	Stockholm
1090	corner-club-stockholm	$$	4.0	24.0	Stockholm
1091	supper-gården-stockholm	$$	4.5	10.0	Stockholm
1092	matkonsulatet-stockholm	$$	4.5	46.0	Stockholm
1093	flippin-burgers-stockholm-2	$$	4.0	119.0	Stockholm
1094	eriks-bakficka-stockholm-2	$$	4.0	16.0	Stockholm
1095	mellqvist-stockholm-3	$$	4.0	49.0	Stockholm
1096	sibiriens-soppkök-stockholm	$$	4.0	26.0	Stockholm
1097	shahrzad-stockholm	$$	4.5	32.0	Stockholm
1098	oljebaren-stockholm	$$	4.0	85.0	Stockholm
1099	da-peppe-ristorante-stockholm	$$	4.5	18.0	Stockholm
1100	lilla-ego-stockholm	$$$	5.0	65.0	Stockholm
1101	rolfs-kök-stockholm	$$$	4.5	126.0	Stockholm
1102	kryp-in-stockholm	$$$	4.5	50.0	Stockholm
1103	supper-stockholm	$$$	4.5	56.0	Stockholm
1104	den-gyldene-freden-stockholm	$$$	4.5	52.0	Stockholm
1105	kung-carls-bakficka-stockholm	$$$	3.5	18.0	Stockholm
1106	wärdshuset-ulla-winbladh-stockholm	$$$	4.5	43.0	Stockholm
1107	hotel-skeppsholmen-stockholm	$$$	4.5	23.0	Stockholm
1108	riche-stockholm	$$$	4.0	102.0	Stockholm
1109	oaxen-slip-stockholm	$$$	4.5	55.0	Stockholm
1110	sjätte-tunnan-stockholm	$$$	4.0	35.0	Stockholm
1111	bistro-bestick-stockholm	$$$	4.5	13.0	Stockholm
1112	smak-stockholm	$$$	4.0	38.0	Stockholm
1113	tradition-stockholm-4	$$$	4.5	30.0	Stockholm
1114	sushi-sho-stockholm-2	$$$	4.5	63.0	Stockholm
1115	punk-royale-cafe-stockholm	$$$	4.5	6.0	Stockholm
1116	gondolen-stockholm	$$$	4.0	90.0	Stockholm
1117	prinsen-stockholm	$$$	4.0	49.0	Stockholm
1118	paganini-stockholm	$$$	4.0	26.0	Stockholm
1119	operabaren-stockholm-2	$$$	4.5	10.0	Stockholm
1120	nook-stockholm	$$$	4.5	36.0	Stockholm
1121	the-flying-elk-stockholm	$$$	3.5	71.0	Stockholm
1122	beirut-café-stockholm	$$$	4.5	18.0	Stockholm
1123	sturehof-stockholm	$$$	4.0	66.0	Stockholm
1124	barbro-stockholm	$$$	4.5	55.0	Stockholm
1125	smörgåstårteriet-stockholm	$$$	4.5	22.0	Stockholm
1126	strömterrassen-stockholm	$$$	4.0	4.0	Stockholm
1127	ag-stockholm	$$$	4.0	93.0	Stockholm
1128	lydmar-restaurang-och-terrass-stockholm	$$$	4.0	27.0	Stockholm
1129	aifur-stockholm	$$$	4.0	49.0	Stockholm
1130	kommendören-stockholm	$$$	4.5	13.0	Stockholm
1131	svartengrens-stockholm	$$$	4.0	46.0	Stockholm
1132	pings-sakura-stockholm-2	$$$	4.0	8.0	Stockholm
1133	kb-restaurang-och-konstnärsbar-stockholm	$$$	4.0	26.0	Stockholm
1134	miss-clara-restaurang-stockholm	$$$	4.0	12.0	Stockholm
1135	mancini-stockholm	$$$	4.5	25.0	Stockholm
1136	gaston-vinbar-stockholm	$$$	4.5	16.0	Stockholm
1137	grill-stockholm	$$$	4.0	93.0	Stockholm
1138	cajsa-warg-stockholm-2	$$$	4.0	16.0	Stockholm
1139	lady-hamilton-hotel-stockholm	$$$	4.5	7.0	Stockholm
1140	portal-restaurant-stockholm	$$$	4.5	10.0	Stockholm
1141	vassa-eggen-stockholm-2	$$$	4.0	34.0	Stockholm
1142	josefina-stockholm	$$$	3.5	21.0	Stockholm
1143	torget-stockholm	$$$	4.5	8.0	Stockholm
1144	storstad-stockholm	$$$	4.0	26.0	Stockholm
1145	griffins-steakhouse-stockholm	$$$	4.0	64.0	Stockholm
1146	bar-nombre-stockholm	$$$	4.5	29.0	Stockholm
1147	bistro-nobis-stockholm	$$$	3.5	5.0	Stockholm
1148	miss-voon-stockholm	$$$	4.0	47.0	Stockholm
1149	stockholm-fisk-stockholm	$$$	3.5	21.0	Stockholm
1150	esperanto-stockholm	$$$$	4.5	13.0	Stockholm
1151	volt-stockholm-3	$$$$	4.5	31.0	Stockholm
1152	frantzén-lindeberg-stockholm	$$$$	5.0	38.0	Stockholm
1153	ekstedt-stockholm	$$$$	4.5	30.0	Stockholm
1154	farang-stockholm	$$$$	4.0	78.0	Stockholm
1155	gastrologik-stockholm	$$$$	4.5	19.0	Stockholm
1156	stadshuskällaren-stockholm	$$$$	5.0	6.0	Stockholm
1157	pubologi-stockholm	$$$$	4.5	25.0	Stockholm
1158	matbaren-stockholm	$$$$	4.5	57.0	Stockholm
1159	omakase-köttslöjd-stockholm	$$$$	4.5	11.0	Stockholm
1160	hillenberg-stockholm	$$$$	3.5	11.0	Stockholm
1161	imouto-stockholm	$$$$	5.0	4.0	Stockholm
1162	cloud-nine-stockholm	$$$$	3.5	14.0	Stockholm
1163	fem-små-hus-stockholm	$$$$	4.0	34.0	Stockholm
1164	mathias-dahlgren-matbordet-stockholm	$$$$	5.0	4.0	Stockholm
1165	studio-frantzén-stockholm	$$$$	5.0	2.0	Stockholm
1166	kasai-stockholm-2	$$$$	4.0	6.0	Stockholm
1167	wedholms-fisk-stockholm	$$$$	4.0	17.0	Stockholm
1168	van-der-nootska-palatset-stockholm	$$$$	3.5	7.0	Stockholm
1169	punk-royale-stockholm	$$$$	5.0	14.0	Stockholm
1170	adam-och-albin-matstudio-stockholm	$$$$	4.0	25.0	Stockholm
1171	aloë-stockholm	$$$$	5.0	9.0	Stockholm
1172	the-cube-stockholm	$$$$	5.0	1.0	Stockholm
1173	oaxen-krog-stockholm	$$$$	4.5	7.0	Stockholm
1174	agrikultur-stockholm	$$$$	4.5	13.0	Stockholm
1175	hotel-hellsten-stockholm	$$$$	4.5	9.0	Stockholm
1176	gotland-stockholm	$$$$	4.0	4.0	Stockholm
1177	cirkus-stockholm-2	$$$$	3.5	15.0	Stockholm
1178	mathias-dahlgren-stockholm	$$$$	4.0	9.0	Stockholm
1179	bönor-och-blad-stockholm	$$$$	3.5	2.0	Stockholm
1180	the-flying-dog-stockholm	$$$$	3.0	10.0	Stockholm
1181	sturecompagniet-stockholm-3	$$$$	3.5	10.0	Stockholm
1182	svartklubben-stockholm	$$$$	4.0	6.0	Stockholm
1183	operakällaren-stockholm-2	$$$$	4.5	21.0	Stockholm
1184	södermalm-ett-ställe-stockholm	$$$$	2.0	6.0	Stockholm
1185	sabis-stockholm-11	$$$$	4.0	17.0	Stockholm
1186	7-eleven-stockholm-19	$$$$	3.0	2.0	Stockholm
1187	sandins-frukt-och-grönt-stockholm	$$$$	4.0	1.0	Stockholm
1188	ica-stockholm-5	$$$$	2.0	3.0	Stockholm
1189	cedergrenska-tornet-stocksund	$$$$	4.0	6.0	Stocksund
1190	flambeeria-warszawa	$	4.5	65.0	Warsaw
1191	restro-warszawa-2	$	4.5	25.0	Warsaw
1192	tam-i-z-powrotem-warszawa	$	4.5	13.0	Warsaw
1193	hoppiness-warszawa	$	4.5	10.0	Warsaw
1194	kraina-pierogów-warszawa	$	5.0	6.0	Warsaw
1195	pełną-parą-warszawa	$	4.0	23.0	Warsaw
1196	bułkę-przez-bibułkę-warszawa	$	4.0	45.0	Warsaw
1197	green-way-warszawa-3	$	4.5	12.0	Warsaw
1198	labour-warszawa	$	4.5	15.0	Warsaw
1199	bar-warszawa-warszawa	$	4.0	29.0	Warsaw
1200	barn-burger-warszawa	$	4.0	78.0	Warsaw
1201	restauracja-lotos-warszawa	$	4.0	23.0	Warsaw
1202	przekąski-u-romana-warszawa	$	4.0	7.0	Warsaw
1203	zapiecek-warszawa-14	$	5.0	5.0	Warsaw
1204	latawiec-warszawa	$	3.5	15.0	Warsaw
1205	restauracja-magat-warszawa	$	4.0	2.0	Warsaw
1206	cophi-warszawa	$	4.5	18.0	Warsaw
1207	piekarnia-aromat-warszawa	$	4.5	27.0	Warsaw
1208	du-za-mi-ha-warszawa-6	$	4.0	5.0	Warsaw
1209	loving-hut-warszawa	$	4.0	13.0	Warsaw
1210	prasowy-warszawa-3	$	3.5	22.0	Warsaw
1211	zapiexy-luxusowe-warszawa	$	3.5	31.0	Warsaw
1212	pochwała-niekonsekwencji-warszawa-2	$	4.5	21.0	Warsaw
1213	restauracja-szklarnia-warszawa-2	$	4.5	8.0	Warsaw
1214	manekin-warszawa-2	$	3.5	36.0	Warsaw
1215	mezze-warszawa	$	4.0	17.0	Warsaw
1216	eat-it-warszawa	$	5.0	10.0	Warsaw
1217	green-caffè-nero-warszawa-56	$	5.0	4.0	Warsaw
1218	omami-warszawa	$	4.0	17.0	Warsaw
1219	pierogarnia-na-bednarskiej-warszawa	$	3.5	27.0	Warsaw
1220	bar-gdański-warszawa	$	4.0	5.0	Warsaw
1221	kawka-warszawa-2	$	4.0	17.0	Warsaw
1222	kawiarnia-kafka-warszawa	$	4.0	43.0	Warsaw
1223	warburger-warszawa	$	4.0	21.0	Warsaw
1224	oh-my-pho-warszawa	$	4.5	10.0	Warsaw
1225	ę-rybę-warszawa	$	4.0	13.0	Warsaw
1226	vapiano-warszawa-2	$	3.5	31.0	Warsaw
1227	stół-warszawa	$	4.5	10.0	Warsaw
1228	cafe-sahara-warszawa	$	4.0	8.0	Warsaw
1229	kumpir-house-warszawa	$	4.5	10.0	Warsaw
1230	du-za-mi-ha-warszawa-2	$	4.0	37.0	Warsaw
1231	parnik-warszawa	$	4.0	22.0	Warsaw
1232	bar-mleczny-bambino-warszawa	$	4.0	27.0	Warsaw
1233	café-du-monde-warszawa	$	4.5	9.0	Warsaw
1234	renesans-warszawa-2	$	4.0	18.0	Warsaw
1235	kolonia-warszawa	$	4.0	8.0	Warsaw
1236	obiady-domowe-przysmak-warszawa	$	4.0	5.0	Warsaw
1237	wół-na-stół-warszawa-2	$	5.0	5.0	Warsaw
1238	beefnroll-food-truck-warszawa	$	4.5	4.0	Warsaw
1239	green-caffè-nero-warszawa-51	$	5.0	4.0	Warsaw
1240	rusiko-warszawa	$$	4.5	25.0	Warsaw
1241	alewino-warszawa	$$	4.5	15.0	Warsaw
1242	dziurka-od-klucza-warszawa	$$	4.5	67.0	Warsaw
1243	trattoria-rucola-warszawa-3	$$	4.5	23.0	Warsaw
1244	miss-kimchi-warszawa	$$	4.5	23.0	Warsaw
1245	shipudei-berek-warszawa	$$	4.0	53.0	Warsaw
1246	wi-taj-warszawa	$$	4.5	20.0	Warsaw
1247	montenegro-warszawa-2	$$	4.0	9.0	Warsaw
1248	folk-gospoda-warszawa	$$	4.0	39.0	Warsaw
1249	kaskrut-warszawa	$$	4.5	12.0	Warsaw
1250	chmielarnia-warszawa	$$	4.0	18.0	Warsaw
1251	skamiejka-warszawa	$$	4.5	25.0	Warsaw
1252	uki-uki-warszawa	$$	4.5	36.0	Warsaw
1253	centrum-zarządzania-światem-warszawa	$$	5.0	9.0	Warsaw
1254	informal-kitchen-warszawa	$$	3.5	20.0	Warsaw
1255	solec-44-warszawa	$$	4.0	40.0	Warsaw
1256	tapas-gastrobar-warszawa-2	$$	4.5	30.0	Warsaw
1257	shabu-shabu-warszawa	$$	4.0	16.0	Warsaw
1258	mielżyński-wine-bar-warszawa	$$	5.0	16.0	Warsaw
1259	radio-cafe-warszawa	$$	4.0	26.0	Warsaw
1260	grand-kredens-warszawa	$$	4.0	8.0	Warsaw
1261	zapiecek-warszawa-4	$$	4.0	38.0	Warsaw
1262	szynk-praski-warszawa	$$	5.0	4.0	Warsaw
1263	pijalnia-czekolady-e-wedel-warszawa-5	$$	4.5	57.0	Warsaw
1264	the-alchemist-gastropub-warszawa	$$	4.5	9.0	Warsaw
1265	mamma-marietta-warszawa	$$	4.0	13.0	Warsaw
1266	restauracja-sora-warszawa	$$	4.5	5.0	Warsaw
1267	aioli-warszawa	$$	3.5	105.0	Warsaw
1268	mela-verde-warszawa-2	$$	4.0	23.0	Warsaw
1269	dos-tacos-warszawa-2	$$	4.0	26.0	Warsaw
1270	sam-warszawa-4	$$	4.0	37.0	Warsaw
1271	katmandu-warszawa	$$	4.0	29.0	Warsaw
1272	youmiko-vegan-sushi-warszawa	$$	4.5	9.0	Warsaw
1273	soul-kitchen-warszawa-3	$$	4.0	8.0	Warsaw
1274	bordo-warszawa-2	$$	4.0	23.0	Warsaw
1275	maghreb-warszawa	$$	4.5	13.0	Warsaw
1276	niezłe-ziółko-warszawa	$$	4.0	22.0	Warsaw
1277	boston-port-warszawa	$$	4.0	12.0	Warsaw
1278	restauracja-canton-warszawa	$$	4.0	7.0	Warsaw
1279	cupcake-corner-bakery-warszawa-2	$$	4.5	16.0	Warsaw
1280	karma-restauracja-indyjska-warszawa	$$	4.5	14.0	Warsaw
1281	sueño-tapas-bar-a-restaurant-warszawa	$$	4.0	19.0	Warsaw
1282	kita-koguta-warszawa	$$	4.5	15.0	Warsaw
1283	słoik-warszawa	$$	3.5	49.0	Warsaw
1284	głodomory-warszawa	$$	3.5	11.0	Warsaw
1285	sokotra-warszawa-2	$$	4.0	23.0	Warsaw
1286	rasoi-warszawa	$$	4.0	7.0	Warsaw
1287	kwadrans-po-nieparzystej-warszawa-2	$$	4.0	12.0	Warsaw
1288	spacca-napoli-warszawa	$$	4.5	20.0	Warsaw
1289	curry-house-warszawa-2	$$	4.5	27.0	Warsaw
1290	varso-vie-warszawa	$$$	4.5	8.0	Warsaw
1291	sol-y-sombra-warszawa	$$$	4.5	14.0	Warsaw
1292	pies-czy-suka-warszawa	$$$	4.0	28.0	Warsaw
1293	el-caribe-warszawa	$$$	3.5	14.0	Warsaw
1294	dawne-smaki-warszawa	$$$	4.0	17.0	Warsaw
1295	oberża-pod-czerwonym-wieprzem-warszawa	$$$	4.0	25.0	Warsaw
1296	bombaj-masala-warszawa	$$$	4.0	27.0	Warsaw
1297	da-aldo-warszawa	$$$	3.5	13.0	Warsaw
1298	t-g-i-fridays-warszawa-2	$$$	4.0	27.0	Warsaw
1299	pub-pod-mosteczkiem-warszawa	$$$	4.0	9.0	Warsaw
1300	sushi-77-warszawa	$$$	4.0	21.0	Warsaw
1301	hard-rock-cafe-warszawa	$$$	3.0	42.0	Warsaw
1302	sushi-wola-warszawa	$$$	4.5	13.0	Warsaw
1303	kwitnąca-wiśnia-warszawa	$$$	4.0	5.0	Warsaw
1304	restauracja-polska-różana-warszawa	$$$	5.0	33.0	Warsaw
1305	der-elefant-warszawa	$$$	3.5	35.0	Warsaw
1306	oliva-warszawa-2	$$$	4.0	8.0	Warsaw
1307	kieliszki-na-próżnej-warszawa	$$$	4.5	6.0	Warsaw
1308	restauracja-kmicic-warszawa	$$$	4.5	4.0	Warsaw
1309	house-of-cheese-warszawa	$$$	4.0	9.0	Warsaw
1310	flaming-a-co-warszawa-3	$$$	3.5	16.0	Warsaw
1311	ceviche-bar-warszawa	$$$	4.0	5.0	Warsaw
1312	le-cedre-warszawa-3	$$$	4.5	8.0	Warsaw
1313	dyletanci-warszawa	$$$	5.0	5.0	Warsaw
1314	borpince-warszawa	$$$	4.5	13.0	Warsaw
1315	kuchnia-otwarta-warszawa	$$$	4.5	2.0	Warsaw
1316	opasły-tom-warszawa	$$$	4.0	15.0	Warsaw
1317	al-capone-warszawa-2	$$$	4.0	7.0	Warsaw
1318	trattoria-rucola-warszawa	$$$	3.5	25.0	Warsaw
1319	besuto-sushi-bar-warszawa-2	$$$	3.5	16.0	Warsaw
1320	restauracja-biały-domek-warszawa	$$$	4.5	5.0	Warsaw
1321	kotłownia-warszawa	$$$	4.0	11.0	Warsaw
1322	boscaiola-pizzeria-warszawa	$$$	4.5	7.0	Warsaw
1323	why-thai-warszawa	$$$	3.5	21.0	Warsaw
1324	dom-polski-warszawa	$$$	3.5	18.0	Warsaw
1325	bazar-kocha-warszawa	$$$	4.0	10.0	Warsaw
1326	taverna-patris-warszawa	$$$	4.5	5.0	Warsaw
1327	semolino-warszawa	$$$	4.5	5.0	Warsaw
1328	tamka-43-warszawa	$$$	4.0	6.0	Warsaw
1329	basico-warszawa	$$$	4.5	7.0	Warsaw
1330	mała-polana-smaków-warszawa	$$$	4.5	7.0	Warsaw
1331	thai-thai-warszawa	$$$	4.0	10.0	Warsaw
1332	boretti-warszawa	$$$	4.0	9.0	Warsaw
1333	la-maison-warszawa	$$$	3.5	11.0	Warsaw
1334	do-widzenia-do-jutra-warszawa	$$$	4.0	5.0	Warsaw
1335	piazza-ristorante-warszawa	$$$	4.0	6.0	Warsaw
1336	little-thai-gallery-warszawa	$$$	3.5	15.0	Warsaw
1337	paros-warszawa	$$$	3.5	12.0	Warsaw
1338	fabryka-pizzy-warszawa-2	$$$	3.5	2.0	Warsaw
1339	a-blikle-warszawa	$$$	3.0	29.0	Warsaw
1340	butchery-a-wine-warszawa	$$$$	4.5	53.0	Warsaw
1341	platter-warszawa	$$$$	5.0	7.0	Warsaw
1342	sushi-zushi-warszawa-2	$$$$	4.0	19.0	Warsaw
1343	belvedere-warszawa-6	$$$$	5.0	9.0	Warsaw
1344	nolita-warszawa	$$$$	4.5	5.0	Warsaw
1345	sakana-sushi-bar-warszawa-3	$$$$	4.0	13.0	Warsaw
1346	amber-room-warszawa	$$$$	4.5	6.0	Warsaw
1347	bałkański-kocioł-warszawa	$$$$	4.0	10.0	Warsaw
1348	wilcza-50-warszawa	$$$$	4.5	19.0	Warsaw
1349	trattoria-chianti-warszawa	$$$$	4.0	10.0	Warsaw
1350	thai-me-up-warszawa	$$$$	4.5	7.0	Warsaw
1351	dyspensa-warszawa	$$$$	4.5	4.0	Warsaw
1352	hoża-warszawa-2	$$$$	4.5	6.0	Warsaw
1353	papu-warszawa-2	$$$$	4.0	9.0	Warsaw
1354	strefa-restauracja-a-bar-warszawa	$$$$	4.5	3.0	Warsaw
1355	wasabi-sushi-restaurant-warszawa	$$$$	4.0	7.0	Warsaw
1356	pod-gigantami-warszawa	$$$$	4.0	5.0	Warsaw
1357	manga-sushi-warszawa	$$$$	4.5	3.0	Warsaw
1358	alegloria-warszawa	$$$$	3.5	24.0	Warsaw
1359	salto-warszawa	$$$$	4.5	3.0	Warsaw
1360	kafe-zielony-niedźwiedź-warszawa	$$$$	4.0	13.0	Warsaw
1361	rozbrat-20-warszawa	$$$$	4.0	11.0	Warsaw
1362	restauracja-stantonio-warszawa	$$$$	3.5	10.0	Warsaw
1363	kiku-warszawa	$$$$	3.5	7.0	Warsaw
1364	la-rotisserie-warszawa	$$$$	5.0	2.0	Warsaw
1365	sakana-sushi-bar-warszawa	$$$$	5.0	2.0	Warsaw
1366	gold-sushi-warszawa	$$$$	5.0	5.0	Warsaw
1367	tramwaj-warszawski-warszawa	$$$$	2.5	7.0	Warsaw
1368	tomo-warszawa-2	$$$$	3.5	8.0	Warsaw
1369	casa-pablo-warszawa-2	$$$$	4.0	3.0	Warsaw
1370	videlec-warszawa-2	$$$$	3.5	6.0	Warsaw
1371	signature-warszawa	$$$$	4.0	3.0	Warsaw
1372	galeria-freta-warszawa	$$$$	3.5	6.0	Warsaw
1373	skorosushi-warszawa	$$$$	4.5	3.0	Warsaw
1374	portucale-warszawa	$$$$	3.5	6.0	Warsaw
1375	restauracja-blue-cactus-warszawa	$$$$	3.0	17.0	Warsaw
1376	tapas-bar-złoto-hiszpanii-warszawa	$$$$	3.5	4.0	Warsaw
1377	merliniego-5-warszawa	$$$$	3.5	5.0	Warsaw
1378	silk-a-spicy-warszawa	$$$$	3.5	7.0	Warsaw
1379	restauracja-u-fukiera-warszawa	$$$$	4.0	25.0	Warszawa
1380	maclife-cafe-warszawa-2	$$$$	4.0	2.0	Warsaw
1381	pasieka-warszawa	$$$$	3.5	4.0	Warsaw
1382	pekin-duck-warszawa	$$$$	3.0	5.0	Warsaw
1383	miseczka-oshin-warszawa	$$$$	4.0	3.0	Warsaw
1384	castello-warszawa	$$$$	3.5	5.0	Warsaw
1385	cukiernia-sowa-warszawa-6	$$$$	3.5	5.0	Warsaw
1386	przystanek-chmielna-warszawa	$$$$	3.0	4.0	Warsaw
1387	szynk-warszawski-warszawa	$$$$	3.0	5.0	Warsaw
1388	kebab-antalya-warszawa	$$$$	4.5	3.0	Warsaw
1389	brasserie-warszawska-warszawa	$$$$	4.0	12.0	Warsaw
1390	la-clef-d-or-bruxelles	€	4.5	47.0	Brussels
1391	tonton-garby-bruxelles	€	4.5	28.0	Brussels
1392	my-little-cup-bruxelles	€	4.5	54.0	Brussels
1393	plaka-bruxelles	€	4.0	38.0	Brussels
1394	friterie-tabora-bruxelles	€	3.5	55.0	Brussels
1395	le-funambule-bruxelles	€	4.0	55.0	Brussels
1396	friterie-frituur-bruxelles	€	4.5	7.0	Brussels
1397	le-coq-bruxelles	€	4.0	25.0	Brussels
1398	the-deli-bruxelles	€	4.5	7.0	Brussels
1399	mok-bruxelles	€	4.5	11.0	Brussels
1400	the-meeting-point-bruxelles-2	€	4.5	4.0	Brussels
1401	de-pistolei-bruxelles	€	4.5	20.0	Brussels
1402	mr-falafel-bruxelles	€	4.0	27.0	Brussels
1403	ty-penty-bruxelles	€	4.5	13.0	Brussels
1404	delish-bruxelles	€	4.0	21.0	Brussels
1405	asia-grill-bruxelles	€	4.0	15.0	Brussels
1406	waffle-factory-bruxelles	€	3.5	44.0	Brussels
1407	la-focaccia-pazza-bruxelles	€	4.5	5.0	Brussels
1408	fritland-bruxelles	€	3.5	91.0	Brussels
1409	mr-patate-bruxelles	€	4.0	7.0	Brussels
1410	mémé-café-bruxelles	€	4.0	9.0	Brussels
1411	maxi-bagi-bruxelles	€	4.0	9.0	Brussels
1412	g-spud-bruxelles	€	4.0	31.0	Brussels
1413	damejeanne-café-bruxelles-2	€	4.5	18.0	Brussels
1414	chao-chow-city-bruxelles	€	3.5	16.0	Brussels
1415	season-box-bruxelles	€	4.5	2.0	Brussels
1416	hellas-bruxelles-2	€	4.0	8.0	Brussels
1417	boom-bruxelles	€	4.5	6.0	Brussels
1418	chez-andriana-bruxelles	€	5.0	3.0	Brussels
1419	natural-caffè-bourse-bruxelles-4	€	4.5	5.0	Brussels
1420	love-ciabatta-bruxelles	€	3.5	17.0	Brussels
1421	attica-restaurant-bruxelles	€	3.5	5.0	Brussels
1422	soul-kitchen-bruxelles	€	4.0	7.0	Brussels
1423	le-petit-coin-royal-bruxelles	€	4.5	5.0	Brussels
1424	théâtre-royal-de-toone-bruxelles-3	€	4.0	5.0	Brussels
1425	café-capitale-bruxelles	€	3.5	73.0	Brussels
1426	guapa-cantersteen-bruxelles	€	4.0	4.0	Brussels
1427	or-espresso-bar-bruxelles	€	4.5	57.0	Brussels
1428	café-velvet-bruxelles-6	€	4.0	13.0	Brussels
1429	o-reillys-bruxelles	€	3.0	33.0	Brussels
1430	el-fontan-bruxelles	€	3.5	11.0	Brussels
1431	aa-bruxelles	€	4.5	3.0	Brussels
1432	l-expresso-bruxelles	€	3.5	3.0	Brussels
1433	foods-n-moods-bruxelles	€	3.0	1.0	Brussels
1434	yeti-bruxelles-2	€	3.5	21.0	Brussels
1435	nonno-bruxelles	€	4.0	18.0	Brussels
1436	fait-maison-bruxelles	€	4.5	11.0	Brussels
1437	zanzibar-bruxelles	€	4.0	5.0	Brussels
1438	au-bois-d-ebène-bruxelles-2	€	4.5	3.0	Brussels
1439	coming-soon-bruxelles	€	3.5	9.0	Brussels
1440	nüetnigenough-bruxelles-3	€€	4.0	196.0	Brussels
1441	mer-du-nord-bruxelles-5	€€	4.5	233.0	Brussels
1442	le-fin-de-siècle-bruxelles-2	€€	4.0	290.0	Brussels
1443	peck-47-bruxelles	€€	4.0	363.0	Brussels
1444	thiên-long-bruxelles	€€	4.5	54.0	Brussels
1445	balls-et-glory-bruxelles	€€	4.0	54.0	Brussels
1446	boulangerie-charli-bruxelles-2	€€	4.5	89.0	Brussels
1447	rachel-bruxelles-2	€€	4.0	133.0	Brussels
1448	le-fontainas-bruxelles	€€	4.5	34.0	Brussels
1449	houtsiplou-bruxelles	€€	4.0	172.0	Brussels
1450	publico-bruxelles	€€	4.0	101.0	Brussels
1451	le-cirio-bruxelles	€€	4.0	80.0	Brussels
1452	monk-bruxelles	€€	4.0	69.0	Brussels
1453	turkish-grill-bruxelles	€€	5.0	8.0	Brussels
1454	pasta-divina-bruxelles	€€	4.5	75.0	Brussels
1455	le-poechenellekelder-bruxelles	€€	4.0	87.0	Brussels
1456	makisu-bruxelles-4	€€	4.0	66.0	Brussels
1457	le-mangeoire-bruxelles	€€	4.5	20.0	Brussels
1458	l-express-bruxelles	€€	4.5	22.0	Brussels
1459	c-est-bon-c-est-belge-le-cellier-bruxelles	€€	4.5	22.0	Brussels
1460	chez-wawa-bruxelles-2	€€	4.0	32.0	Brussels
1461	la-boussole-bruxelles	€€	4.0	32.0	Brussels
1462	l-océan-bruxelles-2	€€	4.0	14.0	Brussels
1463	le-temps-d-une-pose-bruxelles	€€	4.5	5.0	Brussels
1464	henri-et-agnes-bruxelles-4	€€	4.5	75.0	Brussels
1465	les-filles-bruxelles	€€	4.0	136.0	Brussels
1466	noordzee-mer-du-nord-bruxelles-2	€€	4.5	10.0	Brussels
1467	al-jannah-bruxelles	€€	4.0	52.0	Brussels
1468	les-halles-saint-géry-bruxelles-2	€€	4.0	72.0	Brussels
1469	the-food-box-bruxelles	€€	4.5	4.0	Brussels
1470	jat-café-bruxelles	€€	4.0	166.0	Brussels
1471	gazzetta-bruxelles-2	€€	4.0	111.0	Brussels
1472	kipkot-bruxelles	€€	4.5	22.0	Brussels
1473	knees-to-chin-bruxelles	€€	4.0	150.0	Brussels
1474	sakagura-bruxelles	€€	4.0	36.0	Brussels
1475	chez-patrick-bruxelles	€€	4.0	17.0	Brussels
1476	c-est-bon-c-est-belge-bruxelles-2	€€	4.5	15.0	Brussels
1477	a-la-mort-subite-bruxelles-5	€€	3.5	116.0	Brussels
1478	kokuban-bruxelles	€€	4.0	108.0	Brussels
1479	la-belle-equipe-bruxelles	€€	3.5	54.0	Brussels
1480	le-croque-en-ville-bruxelles	€€	5.0	7.0	Brussels
1481	la-tana-bruxelles	€€	4.5	12.0	Brussels
1482	les-gens-que-j-aime-bruxelles-2	€€	3.5	64.0	Brussels
1483	king-kong-bruxelles	€€	3.5	80.0	Brussels
1484	het-goudblommeke-in-papier-bruxelles-3	€€	4.0	27.0	Brussels
1485	le-newdaric-bruxelles	€€	4.0	9.0	Brussels
1486	michael-collins-bruxelles	€€	4.0	45.0	Brussels
1487	la-brocante-bruxelles	€€	4.0	19.0	Brussels
1488	beli-bruxelles	€€	4.5	27.0	Brussels
1489	winehouse-osteria-bruxelles	€€	4.5	35.0	Brussels
1490	pré-de-chez-nous-bruxelles	€€€	5.0	19.0	Brussels
1491	peï-et-meï-bruxelles	€€€	4.5	30.0	Brussels
1492	le-wine-bar-du-sablon-des-marolles-bruxelles	€€€	4.5	22.0	Brussels
1493	l-estrille-du-vieux-bruxelles-bruxelles	€€€	4.0	11.0	Brussels
1494	toukoul-bruxelles	€€€	4.0	88.0	Brussels
1495	au-vieux-saint-martin-bruxelles	€€€	4.0	27.0	Brussels
1496	bar-bik-bruxelles	€€€	4.0	23.0	Brussels
1497	vismet-bruxelles-2	€€€	4.5	25.0	Brussels
1498	le-roy-d-espagne-bruxelles	€€€	3.5	44.0	Brussels
1499	le-bugatti-bruxelles	€€€	4.5	28.0	Brussels
1500	ars-vinorum-bruxelles	€€€	4.0	49.0	Brussels
1501	cowfish-bruxelles-2	€€€	4.0	33.0	Brussels
1502	le-marmiton-bruxelles	€€€	4.0	19.0	Brussels
1503	café-georgette-bruxelles-2	€€€	4.0	54.0	Brussels
1504	la-marée-bruxelles	€€€	4.5	18.0	Brussels
1505	gramm-bruxelles	€€€	4.0	36.0	Brussels
1506	maru-bruxelles	€€€	4.0	82.0	Brussels
1507	viva-m-boma-bruxelles-2	€€€	4.0	44.0	Brussels
1508	vincent-bruxelles	€€€	4.0	45.0	Brussels
1509	comptoir-des-galeries-bruxelles-2	€€€	4.0	28.0	Brussels
1510	le-petit-boxeur-bruxelles	€€€	4.0	26.0	Brussels
1511	henri-bruxelles	€€€	4.0	17.0	Brussels
1512	le-pré-salé-bruxelles-2	€€€	4.0	56.0	Brussels
1513	the-restaurant-by-pierre-balthazar-bruxelles	€€€	4.0	11.0	Brussels
1514	le-chou-de-bruxelles-bruxelles	€€€	4.0	24.0	Brussels
1515	la-grainerie-bruxelles	€€€	4.0	22.0	Brussels
1516	the-funky-monkey-bruxelles	€€€	4.5	3.0	Brussels
1517	genco-bruxelles	€€€	4.0	9.0	Brussels
1518	saco-bruxelles	€€€	4.5	4.0	Brussels
1519	rock-salt-chilli-peppers-bruxelles	€€€	4.0	11.0	Brussels
1520	chez-soje-bruxelles	€€€	4.5	6.0	Brussels
1521	le-cercle-des-voyageurs-bruxelles	€€€	3.0	56.0	Brussels
1522	chez-willy-bruxelles-2	€€€	5.0	4.0	Brussels
1523	meet-meat-bruxelles	€€€	3.5	19.0	Brussels
1524	in-t-spinnekopke-bruxelles-2	€€€	3.5	33.0	Brussels
1525	ilatini-bruxelles	€€€	3.5	10.0	Brussels
1526	les-larmes-du-tigre-bruxelles	€€€	4.0	24.0	Brussels
1527	la-manufacture-bruxelles	€€€	3.5	24.0	Brussels
1528	bij-den-boer-bruxelles	€€€	3.5	16.0	Brussels
1529	bozar-brasserie-bruxelles	€€€	4.0	24.0	Brussels
1530	les-caves-du-sablon-bruxelles	€€€	4.5	13.0	Brussels
1531	strofilia-bruxelles	€€€	4.0	56.0	Brussels
1532	brasserie-leopold-bruxelles	€€€	4.0	5.0	Brussels
1533	les-petits-oignons-bruxelles	€€€	3.5	29.0	Brussels
1534	mangetsu-bruxelles	€€€	4.0	9.0	Brussels
1535	al-barmaki-bruxelles	€€€	4.0	30.0	Brussels
1536	vini-divini-aperitivi-bruxelles	€€€	4.0	15.0	Brussels
1537	mi-tango-bruxelles	€€€	3.5	12.0	Brussels
1538	fornostar-bruxelles	€€€	3.5	24.0	Brussels
1539	etiquette-bruxelles	€€€	3.5	44.0	Brussels
1540	alexandre-bruxelles	€€€€	4.5	16.0	Brussels
1541	le-rabassier-bruxelles	€€€€	4.5	11.0	Brussels
1542	tram-experience-bruxelles-2	€€€€	4.5	20.0	Brussels
1543	lola-bruxelles	€€€€	4.0	30.0	Brussels
1544	selecto-bruxelles	€€€€	4.0	67.0	Brussels
1545	sea-grill-bruxelles-2	€€€€	4.5	15.0	Brussels
1546	san-bruxelles-bruxelles-3	€€€€	4.0	25.0	Brussels
1547	comme-chez-soi-bruxelles	€€€€	4.0	46.0	Brussels
1548	la-marie-joseph-bruxelles	€€€€	4.0	10.0	Brussels
1549	de-la-vigne-à-l-assiette-bruxelles-2	€€€€	4.5	8.0	Brussels
1550	royal-brasserie-brussels-bruxelles	€€€€	4.0	18.0	Brussels
1551	maison-du-cygne-bruxelles	€€€	4.5	4.0	Brussels
1552	orphyse-chaussette-bruxelles	€€€€	4.0	9.0	Brussels
1553	little-asia-bruxelles	€€€€	4.0	12.0	Brussels
1554	la-villa-in-the-sky-bruxelles	€€€€	5.0	7.0	Brussels
1555	l-ecailler-du-palais-royal-bruxelles	€€€€	4.5	7.0	Brussels
1556	l-idiot-du-village-bruxelles	€€€€	3.5	11.0	Brussels
1557	san-sablon-bruxelles	€€€€	5.0	3.0	Brussels
1558	la-porte-des-indes-bruxelles	€€€€	3.5	28.0	Brussels
1559	belga-queen-bruxelles	€€€€	3.5	84.0	Brussels
1560	brewed-by-nature-pop-up-restaurant-bruxelles	€€€€	4.5	2.0	Brussels
1561	traiteur-françois-bruxelles-2	€€€€	4.0	6.0	Brussels
1562	notos-bruxelles	€€€€	4.0	23.0	Brussels
1563	la-villa-emily-bruxelles	€€€€	3.5	15.0	Brussels
1564	culinaria-bruxelles	€€€€	4.0	26.0	Brussels
1565	jef-bruxelles	€€€€	3.5	7.0	Brussels
1566	cécila-bruxelles-2	€€€€	4.0	12.0	Brussels
1567	la-truffe-noire-bruxelles	€€€€	4.0	8.0	Brussels
1568	pizzeria-la-regina-bruxelles	€€€€	3.5	7.0	Brussels
1569	l-atelier-de-la-truffe-noire-bruxelles	€€€€	3.0	10.0	Brussels
1570	l-ommegang-bruxelles	€€€€	2.5	8.0	Brussels
1571	chez-augusta-bruxelles	€€€€	3.5	8.0	Brussels
1572	yùme-bruxelles-3	€€€€	3.5	18.0	Brussels
1573	le-second-degré-bruxelles	€€€€	4.5	7.0	Brussels
1574	le-fourneau-de-bruxelles-bruxelles	€€€€	3.0	4.0	Brussels
1575	loui-bar-bruxelles	€€€€	3.5	7.0	Brussels
1576	millesime-bruxelles	€€€€	3.0	12.0	Brussels
1577	the-c-experience-bruxelles	€€€€	4.5	2.0	Brussels
1578	restaurant-françois-bruxelles-2	€€€€	4.5	3.0	Brussels
1579	l-ancien-bruxelles-bruxelles	€€€€	4.0	1.0	Brussels
1580	vieux-bruxelles-le-bruxelles	€€€€	2.5	4.0	Brussels
1581	thai-chine-saint-gilles	€€€€	4.0	8.0	Saint-Gilles
1582	il-gusto-di-flamant-bruxelles	€€€€	3.0	2.0	Brussels
1583	le-monde-est-petit-etterbeek	€€€€	4.5	22.0	Etterbeek
1584	wittamer-bruxelles	€€€€	4.0	46.0	Brussels
1585	patrick-roger-bruxelles	€€€€	4.5	25.0	Brussels
1586	w-y-city-of-brussels	€€€€	4.5	10.0	City of Brussels
1587	colonel-saint-gilles	€€€€	4.5	70.0	Saint-Gilles
1588	jb-restaurant-bruxelles	€€€€	3.5	2.0	Brussels
1589	humphrey-bruxelles	€€€€	4.0	3.0	Brussels
1590	gasthaus-kopp-wien-2	€	4.5	55.0	Vienna
1591	trzesniewski-wien	€	4.5	153.0	Vienna
1592	kolar-wien	€	4.5	58.0	Vienna
1593	leberkas-pepi-wien	€	4.5	19.0	Vienna
1594	bitzinger-wien	€	4.0	60.0	Vienna
1595	the-breakfast-club-wien	€	4.5	63.0	Vienna
1596	happy-vietnam-wien	€	4.5	47.0	Vienna
1597	jonas-reindl-coffee-wien	€	4.5	38.0	Vienna
1598	yong-streetfood-wien	€	5.0	10.0	Vienna
1599	hitomi-wien-4	€	4.0	12.0	Vienna
1600	berliner-döner-wien	€	5.0	18.0	Vienna
1601	valentas-stammbeisl-wien	€	5.0	10.0	Vienna
1602	falaferia-wien-2	€	4.5	13.0	Vienna
1603	weltcafe-wien	€	4.0	67.0	Vienna
1604	el-burro-wien	€	4.0	19.0	Vienna
1605	yummy-cooking-wien	€	5.0	6.0	Vienna
1606	power-box-wien	€	4.5	12.0	Vienna
1607	der-wiener-deewan-wien	€	4.0	79.0	Vienna
1608	budapest-bistro-wien	€	4.5	15.0	Vienna
1609	oishi-sushi-wien	€	4.5	6.0	Vienna
1610	formosa-food-wien	€	4.5	23.0	Vienna
1611	natsu-wien-10	€	4.0	40.0	Vienna
1612	natsu-wien-9	€	4.0	62.0	Vienna
1613	mcdöners-wien	€	4.0	6.0	Vienna
1614	neudeli-wien	€	4.5	9.0	Vienna
1615	xtanbul-restaurant-wien	€	5.0	2.0	Vienna
1616	pizzeria-mafiosi-wien	€	4.0	47.0	Vienna
1617	15-süße-minuten-wien-3	€	4.0	15.0	Vienna
1618	balkanhaus-wien	€	4.0	8.0	Vienna
1619	tofu-chili-wien	€	4.5	26.0	Vienna
1620	cafe-raimann-wien	€	4.5	22.0	Vienna
1621	schillinger-s-swing-kitchen-wien	€	4.5	18.0	Vienna
1622	happy-noodles-wien-3	€	3.5	41.0	Vienna
1623	asala-halal-wien	€	4.5	9.0	Vienna
1624	okinawa-sushi-bar-wien	€	5.0	8.0	Vienna
1625	freiraum-coffeeshop-wien-3	€	4.0	10.0	Vienna
1626	diwan-wien	€	4.5	9.0	Vienna
1627	bao-bar-wien	€	4.0	6.0	Vienna
1628	trzesniewski-wien-5	€	4.5	8.0	Vienna
1629	pizza-bizi-wien-5	€	3.5	43.0	Vienna
1630	gasthaus-zur-gruabn-wien	€	4.5	12.0	Vienna
1631	zuppa-wien	€	4.5	11.0	Vienna
1632	schwarzer-rabe-wien	€	4.5	8.0	Vienna
1633	kebab-haus-wien	€	3.5	25.0	Vienna
1634	lucky-box-wien	€	4.5	8.0	Vienna
1635	weinhaus-sittl-wien	€	4.5	12.0	Vienna
1636	ulis-kebabhaus-wien	€	4.5	13.0	Vienna
1637	schnellimbiß-europaplatz-wien-2	€	4.0	5.0	Vienna
1638	dionysos-nosh-wien	€	4.5	5.0	Vienna
1639	gasthaus-zum-sieg-wien-3	€	4.0	8.0	Vienna
1640	figlmüller-wien-3	€€	4.0	422.0	Vienna
1641	finkh-wien	€€	4.5	94.0	Vienna
1642	gmoa-keller-wien	€€	4.5	109.0	Vienna
1643	gasthaus-pöschl-wien	€€	4.0	115.0	Vienna
1644	cafe-central-wien-2	€€	4.0	354.0	Vienna
1645	bier-und-bierli-wien	€€	4.5	18.0	Vienna
1646	ramien-wien	€€	4.0	138.0	Vienna
1647	kurkonditorei-oberlaa-wien	€€	4.5	69.0	Vienna
1648	wrenkh-und-wiener-kochsalon-wien	€€	4.5	50.0	Vienna
1649	gasthaus-quell-wien	€€	4.5	50.0	Vienna
1650	sababa-wien	€€	4.5	33.0	Vienna
1651	kleines-café-wien-5	€€	4.5	50.0	Vienna
1652	woracziczky-wien	€€	5.0	13.0	Vienna
1653	kuishimbo-wien	€€	4.5	41.0	Vienna
1654	das-augustin-wien	€€	4.0	68.0	Vienna
1655	zinas-wien	€€	4.5	26.0	Vienna
1656	vietthao-wien	€€	4.5	45.0	Vienna
1657	figar-wien	€€	4.5	22.0	Vienna
1658	kaffee-alt-wien-wien-2	€€	4.5	92.0	Vienna
1659	bunkerei-wien	€€	4.5	23.0	Vienna
1660	ulrich-wien	€€	4.0	89.0	Vienna
1661	glacis-beisl-wien	€€	4.0	99.0	Vienna
1662	schillingers-swing-kitchen-wien	€€	4.5	47.0	Vienna
1663	corns-n-pops-wien-2	€€	4.5	51.0	Vienna
1664	heindls-palatschinkenpfandl-wien	€€	4.0	74.0	Vienna
1665	reinthaler-wien	€€	4.0	60.0	Vienna
1666	cafe-drechsler-wien	€€	4.0	41.0	Vienna
1667	cafe-einstein-wien	€€	4.0	71.0	Vienna
1668	gastwirtschaft-steman-wien	€€	4.5	44.0	Vienna
1669	cafe-hawelka-wien-2	€€	4.0	202.0	Vienna
1670	am-nordpol-3-wien	€€	4.5	55.0	Vienna
1671	altes-fassl-wien	€€	4.5	19.0	Vienna
1672	hubers-wien	€€	5.0	15.0	Vienna
1673	pars-wien	€€	4.5	50.0	Vienna
1674	mama-liu-und-sons-wien	€€	4.0	36.0	Vienna
1675	beaulieu-wien	€€	4.5	36.0	Vienna
1676	bakery-wien-3	€€	4.0	24.0	Vienna
1677	natraj-wien-3	€€	4.5	32.0	Vienna
1678	café-gloriette-wien	€€	4.0	52.0	Vienna
1679	zanoni-und-zanoni-wien-4	€€	4.0	125.0	Vienna
1680	cafe-7-stern-wien	€€	4.0	22.0	Vienna
1681	tortillería-y-antojitos-mexikanos-wien	€€	4.5	51.0	Vienna
1682	mr-und-mrs-feelgood-wien	€€	4.5	18.0	Vienna
1683	bangkok-wien-2	€€	4.5	55.0	Vienna
1684	reinthaler-wien-3	€€	4.5	15.0	Vienna
1685	hemmers-wien	€€	5.0	11.0	Vienna
1686	il-sestante-wien	€€	4.0	106.0	Vienna
1687	nagoya-wien	€€	4.5	21.0	Vienna
1688	figlmüller-bäckerstraße-wien-2	€€	4.0	107.0	Vienna
1689	salm-bräu-wien	€€	4.0	109.0	Vienna
1690	plachutta-wollzeile-wien-3	€€€	4.0	159.0	Vienna
1691	palmenhaus-wien	€€€	4.0	95.0	Vienna
1692	shanghaitan-wien	€€€	4.0	42.0	Vienna
1693	aroi-thai-wien	€€€	4.5	21.0	Vienna
1694	holy-moly-wien	€€€	4.0	24.0	Vienna
1695	bodega-marques-wien	€€€	4.5	29.0	Vienna
1696	plachuttas-gasthaus-zur-oper-wien-2	€€€	4.0	82.0	Vienna
1697	da-capo-ristorante-wien	€€€	4.0	91.0	Vienna
1698	motto-wien	€€€	4.0	35.0	Vienna
1699	demel-wien	€€€	4.0	270.0	Vienna
1700	plachutta-hietzing-wien-3	€€€	4.5	29.0	Vienna
1701	chamäleon-wien-3	€€€	4.5	8.0	Vienna
1702	fromme-helene-wien-2	€€€	4.0	33.0	Vienna
1703	das-loft-wien	€€€	3.5	70.0	Vienna
1704	rudis-beisl-wien	€€€	4.5	22.0	Vienna
1705	zum-weißen-rauchfangkehrer-wien-2	€€€	4.5	19.0	Vienna
1706	china-restaurant-ostwind-wien	€€€	4.5	23.0	Vienna
1707	fabios-wien-3	€€€	4.0	27.0	Vienna
1708	roth-wien	€€€	4.0	9.0	Vienna
1709	wirtshaus-steirerstöckl-wien	€€€	4.5	22.0	Vienna
1710	motto-am-fluss-wien	€€€	4.0	124.0	Vienna
1711	sixta-wien	€€€	5.0	13.0	Vienna
1712	cafe-restaurant-hebenstreit-wien	€€€	4.5	10.0	Vienna
1713	restaurant-hansen-wien	€€€	4.5	18.0	Vienna
1714	ellas-wien	€€€	4.0	37.0	Vienna
1715	meierei-im-stadtpark-wien	€€€	4.0	45.0	Vienna
1716	vollwertrestaurant-lebenbauer-wien-3	€€€	4.5	14.0	Vienna
1717	café-mozart-wien-2	€€€	3.5	69.0	Vienna
1718	piaristenkeller-wien	€€€	4.5	7.0	Vienna
1719	jolly-ox-wien	€€€	4.0	27.0	Vienna
1720	julius-meinl-am-graben-wien-2	€€€	4.0	86.0	Vienna
1721	do-and-co-albertina-wien	€€€	4.0	20.0	Vienna
1722	the-brickmakers-ale-und-cider-house-wien	€€€	4.0	36.0	Vienna
1723	zum-schwarzen-kameel-wien	€€€	4.0	70.0	Vienna
1724	die-liebe-wien	€€€	3.5	7.0	Vienna
1725	más-wien	€€€	4.0	62.0	Vienna
1726	sosaku-wien	€€€	4.5	16.0	Vienna
1727	restaurant-unkai-wien	€€€	4.0	11.0	Vienna
1728	la-tavolozza-wien	€€€	4.5	24.0	Vienna
1729	patara-wien	€€€	4.0	25.0	Vienna
1730	ef16-wien	€€€	4.5	25.0	Vienna
1731	huth-gastwirtschaft-wien	€€€	4.0	39.0	Vienna
1732	cafe-tirolerhof-wien	€€€	4.0	20.0	Vienna
1733	tsutenkaku-sushi-haus-wien	€€€	5.0	9.0	Vienna
1734	el-gaucho-wien	€€€	3.5	31.0	Vienna
1735	zur-alten-kaisermühle-wien	€€€	3.0	24.0	Vienna
1736	3-hacken-magazin-wien	€€€	4.0	11.0	Vienna
1737	sebastiano-wien	€€€	4.0	16.0	Vienna
1738	restaurant-kaiserwalzer-2-0-wien	€€€	4.0	11.0	Vienna
1739	ofenloch-wien	€€€	4.5	35.0	Vienna
1740	steirereck-wien	€€€€	4.5	85.0	Vienna
1741	at-eight-wien	€€€€	5.0	13.0	Vienna
1742	restaurant-tempel-wien	€€€€	4.5	5.0	Vienna
1743	tian-wien-4	€€€€	4.5	24.0	Vienna
1744	türkis-wien-12	€€€€	2.5	14.0	Vienna
1745	cafe-spanische-hofreitschule-wien	€€€€	4.5	22.0	Vienna
1746	stomach-wien	€€€€	4.0	8.0	Vienna
1747	kaffeemodul-wien	€€€€	5.0	4.0	Vienna
1748	konstantin-filippou-wien-2	€€€€	4.0	12.0	Vienna
1749	die-küche-wien	€€€€	5.0	3.0	Vienna
1750	restaurant-schnattl-wien	€€€€	4.5	5.0	Vienna
1751	goldene-zeiten-wien-2	€€€€	3.0	20.0	Vienna
1752	emile-brasserie-und-bar-wien-2	€€€€	3.0	6.0	Vienna
1753	bodulo-wien	€€€€	4.5	9.0	Vienna
1754	vestibül-restaurant-im-burgtheater-wien	€€€€	4.5	8.0	Vienna
1755	restaurant-koh-i-noor-wien-2	€€€€	3.5	11.0	Vienna
1756	kornat-wien	€€€€	4.0	17.0	Vienna
1757	arsenal-wien-2	€€€€	4.0	3.0	Vienna
1758	le-salzgries-wien-3	€€€€	4.0	7.0	Vienna
1759	würstelstand-heisse-am-gürtel-wien-2	€€€€	4.5	4.0	Vienna
1760	petz-im-gußhaus-wien-5	€€€€	4.5	3.0	Vienna
1761	livingstone-wien	€€€€	4.0	26.0	Vienna
1762	kristians-monastiri-wien	€€€€	4.0	15.0	Vienna
1763	k47-keyclub-vienna-wien	€€€€	4.5	3.0	Vienna
1764	cafe-kunsthistorisches-museum-wien	€€€€	3.5	6.0	Vienna
1765	the-bank-brasserie-und-bar-wien	€€€€	4.0	8.0	Vienna
1766	pramerl-and-the-wolf-wien	€€€€	5.0	2.0	Vienna
1767	konoba-pescaria-wien	€€€€	3.5	10.0	Vienna
1768	mercado-wien-2	€€€€	3.5	6.0	Vienna
1769	noir-wien	€€€€	3.0	8.0	Vienna
1770	das-kochwerk-wien	€€€€	5.0	3.0	Vienna
1771	marco-simonis-wien	€€	4.0	4.0	Vienna
1772	le-ciel-wien	€€€€	4.5	6.0	Vienna
1773	palais-coburg-residenz-wien-2	€€€€	4.5	2.0	Vienna
1774	la-véranda-wien-2	€€€€	4.5	5.0	Vienna
1775	amadors-wirtshaus-und-greißlerei-wien-2	€€€€	5.0	2.0	Vienna
1776	calllas-wien-2	€€€€	4.0	1.0	Vienna
1777	hummerbar-fischrestaurant-wien	€€€€	4.5	4.0	Vienna
1778	restaurant-anna-sacher-wien	€€€€	4.0	4.0	Vienna
1779	restaurant-graben-30-wien	€€€€	4.0	2.0	Vienna
1780	restaurant-beim-novak-wien	€€€€	4.5	3.0	Vienna
1781	parkring-restaurant-wien	€€€€	4.5	4.0	Vienna
1782	crazy-lobster-wien	€€€€	3.5	6.0	Vienna
1783	trattoria-martinelli-wien	€€€€	3.5	4.0	Vienna
1784	il-tempo-bistro-wien-3	€€€€	3.5	3.0	Vienna
1785	gräfin-vom-naschmarkt-wien	€€€€	1.5	61.0	Vienna
1786	hill-restaurant-wien-2	€€€€	4.0	4.0	Vienna
1787	restaurant-der-kuckuck-wien	€€€€	4.0	4.0	Vienna
1788	dstrikt-vienna-2	€€€€	5.0	14.0	Vienna
1789	gasthaus-krapf-wien	€€€€	4.0	2.0	Vienna
1790	green-bench-café-dublin	€	5.0	87.0	Dublin
1791	little-ass-burrito-bar-dublin	€	4.0	133.0	Dublin
1792	third-space-dublin	€	4.5	82.0	Dublin
1793	boojum-dublin	€	4.5	176.0	Dublin
1794	the-pieman-cafe-dublin	€	4.5	60.0	Dublin
1795	147-deli-dublin	€	4.5	45.0	Dublin
1796	leo-burdock-dublin-2	€	4.0	147.0	Dublin
1797	zaytoon-dublin-2	€	4.0	86.0	Dublin
1798	dolce-sicily-dublin-5	€	4.5	52.0	Dublin
1799	umi-falafel-dublin	€	4.5	96.0	Dublin
1800	boojum-dublin-5	€	4.5	71.0	Dublin
1801	bunsen-dublin-4	€	4.5	26.0	Dublin
1802	oxmantown-dublin	€	4.5	32.0	Dublin
1803	difontaines-pizzeria-dublin	€	4.0	42.0	Dublin
1804	goose-on-the-loose-dublin	€	4.5	30.0	Dublin
1805	govindas-dublin	€	4.0	45.0	Dublin
1806	offbeat-donut-co-dublin	€	4.5	24.0	Dublin
1807	han-sung-dublin-2	€	4.0	27.0	Dublin
1808	stir-crazy-dublin	€	4.0	33.0	Dublin
1809	dublin-pizza-company-dublin	€	5.0	6.0	Dublin
1810	aprile-dublin	€	4.0	21.0	Dublin
1811	rays-pizza-dublin	€	4.0	18.0	Dublin
1812	pablo-picante-dublin-2	€	4.0	78.0	Dublin
1813	thai-jasmine-grab-and-go-dublin-2	€	5.0	6.0	Dublin
1814	burritos-and-blues-dublin	€	4.0	84.0	Dublin
1815	two-boys-brew-dublin	€	4.5	13.0	Dublin
1816	wowburger-dublin-2	€	4.0	39.0	Dublin
1817	hanleys-cornish-pasties-dublin-2	€	4.0	21.0	Dublin
1818	the-wooden-whisk-dublin	€	4.0	32.0	Dublin
1819	o-donovan-dublin	€	5.0	8.0	Dublin
1820	la-pausa-cafe-dublin	€	5.0	9.0	Dublin
1821	vice-coffee-inc-dublin-2	€	4.0	28.0	Dublin
1822	the-lovinspoon-dublin-2	€	4.5	43.0	Dublin
1823	urbanity-coffee-dublin	€	4.5	11.0	Dublin
1824	brothers-dosirak-dublin	€	5.0	12.0	Dublin
1825	bite-of-life-food-dublin	€	4.0	29.0	Dublin
1826	the-fryery-dublin	€	4.0	7.0	Dublin
1827	rays-pizza-dublin-2	€	3.5	37.0	Dublin
1828	krüst-bakery-dublin-2	€	4.0	38.0	Dublin
1829	yumo-dublin	€	4.0	11.0	Dublin
1830	wall-and-keogh-dublin	€	4.5	66.0	Dublin
1831	star-pizza-dublin	€	3.5	14.0	Dublin
1832	the-pig-and-heifer-dublin	€	4.5	19.0	Dublin
1833	murphys-ice-cream-dublin-2	€	4.5	212.0	Dublin
1834	the-pig-and-heifer-dublin-2	€	4.0	19.0	Dublin
1835	el-grito-mexican-kitchen-dublin	€	4.5	10.0	Dublin
1836	peacockgreen-and-co-dublin-5	€	4.0	26.0	Dublin
1837	beanhive-dublin	€	4.5	29.0	Dublin
1838	sorrento-dublin	€	4.0	11.0	Dublin
1839	cafe-sparks-smithfield-dublin	€	4.0	12.0	Dublin
1840	p-macs-dublin	€€	4.5	118.0	Dublin
1841	the-boxty-house-dublin	€€	4.0	420.0	Dublin
1842	brother-hubbard-dublin-4	€€	4.5	236.0	Dublin
1843	queen-of-tarts-dublin-4	€€	4.5	335.0	Dublin
1844	the-ramen-bar-dublin	€€	4.5	56.0	Dublin
1845	the-bank-on-college-green-dublin-2	€€	4.5	189.0	Dublin
1846	the-brazen-head-dublin	€€	4.0	337.0	Dublin
1847	elephant-and-castle-dublin	€€	4.0	229.0	Dublin
1848	bunsen-dublin-2	€€	4.5	102.0	Dublin
1849	l-mulligan-grocer-dublin	€€	4.5	160.0	Dublin
1850	the-farm-dublin	€€	4.0	120.0	Dublin
1851	whitefriar-grill-dublin	€€	4.5	123.0	Dublin
1852	hatch-and-sons-dublin	€€	4.5	150.0	Dublin
1853	the-bakehouse-dublin	€€	4.5	183.0	Dublin
1854	crackbird-dublin	€€	3.5	205.0	Dublin
1855	cassidys-dublin-2	€€	4.5	44.0	Dublin
1856	o-neills-bar-and-restaurant-dublin-3	€€	4.0	171.0	Dublin
1857	herbstreet-dublin-2	€€	4.0	125.0	Dublin
1858	paulies-pizza-dublin	€€	4.5	137.0	Dublin
1859	the-porterhouse-temple-bar-dublin-3	€€	4.0	298.0	Dublin
1860	green-nineteen-dublin-2	€€	4.0	142.0	Dublin
1861	zaytoon-dublin	€€	4.0	76.0	Dublin
1862	klaw-dublin	€€	4.5	68.0	Dublin
1863	cornucopia-dublin-2	€€	4.5	250.0	Dublin
1864	siri-indian-cuisine-dublin	€€	4.5	33.0	Dublin
1865	yamamori-izakaya-dublin-2	€€	4.0	72.0	Dublin
1866	thai-spice-dublin	€€	4.5	39.0	Dublin
1867	juniors-dublin	€€	4.5	90.0	Dublin
1868	merchants-arch-bar-dublin	€€	4.0	77.0	Dublin
1869	arisu-korean-restaurant-dublin	€€	4.0	62.0	Dublin
1870	camden-kitchen-dublin	€€	4.5	50.0	Dublin
1871	banyi-japanese-dining-dublin	€€	4.5	56.0	Dublin
1872	neon-asian-street-food-dublin	€€	4.0	143.0	Dublin
1873	darkey-kellys-dublin	€€	4.5	24.0	Dublin
1874	bison-bar-and-bbq-dublin	€€	4.0	106.0	Dublin
1875	mcgrattans-in-the-lane-dublin-2	€€	4.0	29.0	Dublin
1876	camden-exchange-dublin-4	€€	4.0	56.0	Dublin
1877	the-old-mill-restaurant-dublin	€€	4.5	30.0	Dublin
1878	the-hairy-lemon-dublin	€€	4.0	135.0	Dublin
1879	irish-film-institute-dublin	€€	4.5	75.0	Dublin
1880	cotto-dublin	€€	5.0	14.0	Dublin
1881	the-woollen-mills-dublin	€€	4.0	88.0	Dublin
1882	fish-shop-dublin-2	€€	4.5	21.0	Dublin
1883	musashi-dublin-2	€€	4.0	130.0	Dublin
1884	the-counter-dublin	€€	4.0	108.0	Dublin
1885	farmer-browns-dublin-2	€€	4.0	67.0	Dublin
1886	j2-grill-and-sushi-dublin	€€	4.0	101.0	Dublin
1887	wj-kavanaghs-dublin	€€	4.0	41.0	Dublin
1888	bunsen-dublin	€€	4.5	179.0	Dublin
1889	sophies-bar-dublin	€€	4.0	81.0	Dublin
1890	the-pigs-ear-dublin	€€€	4.5	161.0	Dublin
1891	the-vintage-kitchen-dublin	€€€	4.5	50.0	Dublin
1892	the-old-spot-dublin	€€€	4.5	21.0	Dublin
1893	brookwood-dublin-2	€€€	4.5	38.0	Dublin
1894	house-dublin-3	€€€	4.0	44.0	Dublin
1895	ely-bar-and-brasserie-dublin	€€€	4.0	50.0	Dublin
1896	the-sussex-dublin-2	€€€	4.5	29.0	Dublin
1897	pickle-eating-house-and-bar-dublin	€€€	4.5	21.0	Dublin
1898	bastible-dublin	€€€	5.0	11.0	Dublin
1899	fallon-and-byrne-dublin-2	€€€	4.0	214.0	Dublin
1900	delahunt-dublin-2	€€€	4.5	20.0	Dublin
1901	rolys-bistro-dublin-2	€€€	4.0	49.0	Dublin
1902	il-caffè-di-napoli-dublin-4	€€€	4.0	54.0	Dublin
1903	fx-buckley-dublin-3	€€€	4.5	45.0	Dublin
1904	the-exchange-restaurant-and-cocktail-bar-dublin	€€€	4.5	9.0	Dublin
1905	coppinger-row-dublin	€€€	4.0	57.0	Dublin
1906	the-butcher-grill-dublin	€€€	4.5	69.0	Dublin
1907	777-dublin	€€€	3.5	74.0	Dublin
1908	pichet-dublin	€€€	4.0	64.0	Dublin
1909	taste-at-rustic-dublin	€€€	4.5	16.0	Dublin
1910	matt-the-thresher-dublin	€€€	4.0	79.0	Dublin
1911	union8-dublin	€€€	4.0	23.0	Dublin
1912	cleaver-east-dublin	€€€	3.5	50.0	Dublin
1913	the-french-paradox-dublin-5	€€€	4.0	26.0	Dublin
1914	mulberry-garden-dublin	€€€	5.0	10.0	Dublin
1915	the-winding-stair-dublin	€€€	4.0	133.0	Dublin
1916	eddie-rockets-dublin-23	€€€	3.5	14.0	Dublin
1917	medley-fleet-street-dublin	€€€	5.0	7.0	Dublin
1918	eden-bar-and-grill-dublin	€€€	4.0	22.0	Dublin
1919	richmond-dublin-2	€€€	4.5	25.0	Dublin
1920	bang-restaurant-dublin-2	€€€	4.0	51.0	Dublin
1921	suesey-street-dublin-3	€€€	4.0	10.0	Dublin
1922	trocadero-restaurant-dublin-2	€€€	3.5	27.0	Dublin
1923	koh-restaurant-and-cocktail-lounge-dublin-2	€€€	4.0	76.0	Dublin
1924	vn-v-dublin	€€€	4.0	3.0	Dublin
1925	balfes-dublin	€€€	3.5	19.0	Dublin
1926	il-posto-dublin	€€€	4.0	15.0	Dublin
1927	sova-food-vegan-butcher-dublin	€€€	4.5	14.0	Dublin
1928	f-x-buckley-dublin-5	€€€	4.5	49.0	Dublin
1929	the-green-hen-dublin	€€€	4.0	69.0	Dublin
1930	chesterfields-restaurant-dublin	€€€	4.0	5.0	Dublin
1931	dada-restaurant-dublin	€€€	4.0	69.0	Dublin
1932	hq-restaurant-and-wine-bar-dublin	€€€	3.0	37.0	Dublin
1933	the-morgan-bar-dublin	€€€	3.5	31.0	Dublin
1934	fire-dublin	€€€	3.5	50.0	Dublin
1935	bear-dublin	€€€	3.5	73.0	Dublin
1936	millenia-takeaway-dublin	€€€	4.0	3.0	Dublin
1937	magills-dublin	€€€	3.5	7.0	Dublin
1938	saba-dublin-2	€€€	3.5	75.0	Dublin
1939	the-chop-house-dublin	€€€	3.5	59.0	Dublin
1940	the-greenhouse-dublin-2	€€€€	5.0	30.0	Dublin
1941	chapter-one-dublin	€€€€	4.5	80.0	Dublin
1942	the-saddle-room-restaurant-dublin	€€€€	4.5	18.0	Dublin
1943	shanahans-on-the-green-dublin	€€€€	4.5	53.0	Dublin
1944	the-cellar-restaurant-dublin	€€€€	3.5	12.0	Dublin
1945	luna-dublin	€€€€	4.5	10.0	Dublin
1946	leon-bakery-dublin	€€€€	4.5	4.0	Dublin
1947	l-ecrivain-restaurant-dublin	€€€€	4.5	35.0	Dublin
1948	patrick-guilbaud-restaurant-dublin-2	€€€€	4.5	48.0	Dublin
1949	pearl-brasserie-dublin	€€€€	4.0	48.0	Dublin
1950	brioche-dublin-3	€€€€	4.0	10.0	Dublin
1951	one-pico-dublin	€€€€	4.5	26.0	Dublin
1952	clarion-hotel-liffey-valley-dublin	€€€€	3.5	9.0	Dublin
1953	amuse-restaurant-dublin	€€€€	4.5	11.0	Dublin
1954	wilde-the-restaurant-dublin	€€€€	3.0	5.0	Dublin
1955	tavern-dublin	€€€€	4.0	3.0	Dublin
1956	dawson-brasserie-dublin	€€€€	4.0	5.0	Dublin
1957	the-restaurant-at-brown-thomas-dublin-2	€€€€	3.5	7.0	Dublin
